Designator,Val,Package,Mid X,Mid Y,Rot,Side
C1,0.1uF,C_0402_1005Metric_Pad0.74x0.62mm_HandSolder,151.1808,-176.0982,180,top
C2,0.1uF,C_0402_1005Metric_Pad0.74x0.62mm_HandSolder,173.2407,-96.3168,270,top
C3,0.1uF,C_0402_1005Metric_Pad0.74x0.62mm_HandSolder,187.3123,-93.4974,90,top
C7,0.1uF,C_0402_1005Metric_Pad0.74x0.62mm_HandSolder,203.4286,-126.5261,270,top
C13,0.1uF,C_0402_1005Metric_Pad0.74x0.62mm_HandSolder,207.3656,-126.6611,270,top
C16,0.1uF,C_0402_1005Metric_Pad0.74x0.62mm_HandSolder,208.2546,-109.0676,90,top
C22,0.1uF,C_0402_1005Metric_Pad0.74x0.62mm_HandSolder,205.3336,-109.0676,90,top
C29,0.01uF,C_0402_1005Metric_Pad0.74x0.62mm_HandSolder,202.6666,-112.8776,180,top
FID1,Fiducial_1mm_Mask3mm,Fiducial_1mm_Mask3mm,219.964,-222.4913,0,top
FID2,Fiducial_1mm_Mask3mm,Fiducial_1mm_Mask3mm,88.1761,-221.2594,0,top
FID3,Fiducial_1mm_Mask3mm,Fiducial_1mm_Mask3mm,81.7118,-82.0039,0,top
R7,0,R_0402_1005Metric_Pad0.72x0.64mm_HandSolder,97.6763,-109.8042,180,top
R8,0,R_0402_1005Metric_Pad0.72x0.64mm_HandSolder,139.0263,-109.8042,180,top
R9,0,R_0402_1005Metric_Pad0.72x0.64mm_HandSolder,181.4963,-109.8042,180,top
R10,10K,R_0402_1005Metric_Pad0.72x0.64mm_HandSolder,95.6818,-112.2172,270,top
R11,10K,R_0402_1005Metric_Pad0.72x0.64mm_HandSolder,136.9568,-112.2172,270,top
R12,10K,R_0402_1005Metric_Pad0.72x0.64mm_HandSolder,179.5018,-112.2172,270,top
R13,0,R_0402_1005Metric_Pad0.72x0.64mm_HandSolder,93.2688,-109.8042,0,top
R14,0,R_0402_1005Metric_Pad0.72x0.64mm_HandSolder,134.5063,-109.8042,0,top
R15,0,R_0402_1005Metric_Pad0.72x0.64mm_HandSolder,177.1263,-109.8042,0,top
R16,0,R_0402_1005Metric_Pad0.72x0.64mm_HandSolder,222.7713,-109.8042,180,top
R17,0,R_0402_1005Metric_Pad0.72x0.64mm_HandSolder,97.7138,-151.6972,180,top
R18,0,R_0402_1005Metric_Pad0.72x0.64mm_HandSolder,139.7508,-151.6972,180,top
R19,10K,R_0402_1005Metric_Pad0.72x0.64mm_HandSolder,220.7768,-112.2547,270,top
R20,10K,R_0402_1005Metric_Pad0.72x0.64mm_HandSolder,95.6818,-154.1272,270,top
R21,10K,R_0402_1005Metric_Pad0.72x0.64mm_HandSolder,137.5918,-154.1272,270,top
R22,0,R_0402_1005Metric_Pad0.72x0.64mm_HandSolder,218.4013,-109.8042,0,top
R23,0,R_0402_1005Metric_Pad0.72x0.64mm_HandSolder,93.2688,-151.6972,0,top
R24,0,R_0402_1005Metric_Pad0.72x0.64mm_HandSolder,135.3058,-151.6972,0,top
R25,0,R_0402_1005Metric_Pad0.72x0.64mm_HandSolder,181.6608,-151.6972,180,top
R26,0,R_0402_1005Metric_Pad0.72x0.64mm_HandSolder,223.5708,-151.6972,180,top
R27,0,R_0402_1005Metric_Pad0.72x0.64mm_HandSolder,97.8408,-193.6072,180,top
R28,10K,R_0402_1005Metric_Pad0.72x0.64mm_HandSolder,179.5018,-154.1272,270,top
R29,10K,R_0402_1005Metric_Pad0.72x0.64mm_HandSolder,221.4118,-154.1272,270,top
R30,10K,R_0402_1005Metric_Pad0.72x0.64mm_HandSolder,95.6818,-196.0372,270,top
R31,0,R_0402_1005Metric_Pad0.72x0.64mm_HandSolder,177.2158,-151.6972,0,top
R32,0,R_0402_1005Metric_Pad0.72x0.64mm_HandSolder,219.1258,-151.6972,0,top
R33,0,R_0402_1005Metric_Pad0.72x0.64mm_HandSolder,93.3958,-193.6072,0,top
R34,0,R_0402_1005Metric_Pad0.72x0.64mm_HandSolder,139.7508,-193.6072,180,top
R35,0,R_0402_1005Metric_Pad0.72x0.64mm_HandSolder,181.6608,-193.6072,180,top
R36,0,R_0402_1005Metric_Pad0.72x0.64mm_HandSolder,223.6978,-193.6072,180,top
R37,10K,R_0402_1005Metric_Pad0.72x0.64mm_HandSolder,137.5918,-196.0372,270,top
R38,10K,R_0402_1005Metric_Pad0.72x0.64mm_HandSolder,179.5018,-196.0372,270,top
R39,10K,R_0402_1005Metric_Pad0.72x0.64mm_HandSolder,221.4118,-196.0372,270,top
R40,0,R_0402_1005Metric_Pad0.72x0.64mm_HandSolder,135.2683,-193.6072,0,top
R41,0,R_0402_1005Metric_Pad0.72x0.64mm_HandSolder,177.2158,-193.6072,0,top
R42,0,R_0402_1005Metric_Pad0.72x0.64mm_HandSolder,219.2528,-193.6072,0,top
R43,4.7K,R_0402_1005Metric_Pad0.72x0.64mm_HandSolder,156.8196,-179.1716,90,top
R44,4.7K,R_0402_1005Metric_Pad0.72x0.64mm_HandSolder,158.115,-179.1583,270,top
R45,4.7K,R_0402_1005Metric_Pad0.72x0.64mm_HandSolder,162.0774,-179.1716,90,top
R46,4.7K,R_0402_1005Metric_Pad0.72x0.64mm_HandSolder,163.4744,-179.1716,270,top
R47,4.7K,R_0402_1005Metric_Pad0.72x0.64mm_HandSolder,160.7312,-179.1716,90,top
R48,4.7K,R_0402_1005Metric_Pad0.72x0.64mm_HandSolder,159.4612,-179.1716,270,top
R57,10K,R_0402_1005Metric_Pad0.72x0.64mm_HandSolder,206.0956,-126.5936,270,top
R59,10K,R_0402_1005Metric_Pad0.72x0.64mm_HandSolder,204.8256,-126.5936,90,top
R61,0,R_0402_1005Metric_Pad0.72x0.64mm_HandSolder,204.0636,-124.6886,180,top
R63,10K,R_0402_1005Metric_Pad0.72x0.64mm_HandSolder,209.9056,-126.7206,270,top
R64,10K,R_0402_1005Metric_Pad0.72x0.64mm_HandSolder,208.6356,-126.7206,90,top
R65,0,R_0402_1005Metric_Pad0.72x0.64mm_HandSolder,208.0006,-124.6886,180,top
R66,10K,R_0402_1005Metric_Pad0.72x0.64mm_HandSolder,210.7946,-109.0676,90,top
R67,10K,R_0402_1005Metric_Pad0.72x0.64mm_HandSolder,209.5246,-109.0676,270,top
R68,0,R_0402_1005Metric_Pad0.72x0.64mm_HandSolder,208.8896,-111.2266,180,top
R69,10K,R_0402_1005Metric_Pad0.72x0.64mm_HandSolder,202.7936,-109.0676,90,top
R70,10K,R_0402_1005Metric_Pad0.72x0.64mm_HandSolder,204.0636,-109.0676,270,top
R73,0,R_0402_1005Metric_Pad0.72x0.64mm_HandSolder,205.9686,-111.2641,180,top
R92,10K,R_0402_1005Metric_Pad0.72x0.64mm_HandSolder,149.0726,-132.6007,180,top
R93,0,R_0402_1005Metric_Pad0.72x0.64mm_HandSolder,157.7594,-137.414,0,top
U1,PCF8575PWR,SOIC-24W_7.5x15.4mm_P1.27mm,159.5628,-167.7162,180,top
U2,ADS1015IDGS,VSSOP-10_3x3mm_P0.5mm,182.0037,-95.1738,0,top
U3,ADS1015IDGS,VSSOP-10_3x3mm_P0.5mm,168.6179,-95.425401,0,top
U4,74HC14,SOIC-14_3.9x8.7mm_P1.27mm,208.6356,-117.7036,90,top
