<?xml version="1.0" encoding="UTF-8"?>
<export version="D">
  <design>
    <source>C:\Users\avenugop\GoogleDrive\Stephan_LED_MCU\Design\Board2\Looper_Board\Looper_Board.sch</source>
    <date>08/06/2021 07:31:15</date>
    <tool>Eeschema (5.1.9)-1</tool>
    <sheet number="1" name="/" tstamps="/">
      <title_block>
        <title>Looper Board</title>
        <company>Cadsims UK</company>
        <rev>0</rev>
        <date>2021-05-08</date>
        <source>Looper_Board.sch</source>
        <comment number="1" value="Drawn by: Aravind"/>
        <comment number="2" value=""/>
        <comment number="3" value=""/>
        <comment number="4" value=""/>
      </title_block>
    </sheet>
    <sheet number="2" name="/ADC/" tstamps="/609694D5/">
      <title_block>
        <title>LED Board</title>
        <company>Cadsims UK</company>
        <rev>0</rev>
        <date>2021-05-08</date>
        <source>ADC.sch</source>
        <comment number="1" value="Drawn by: Aravind"/>
        <comment number="2" value=""/>
        <comment number="3" value=""/>
        <comment number="4" value=""/>
      </title_block>
    </sheet>
    <sheet number="3" name="/MCU_PWR_IO/" tstamps="/63F23F40/">
      <title_block>
        <title>MCU_PWR_USB</title>
        <company>Cadsims UK</company>
        <rev>0</rev>
        <date>2021-05-08</date>
        <source>MCU_PWR_IO.sch</source>
        <comment number="1" value="Drawn by: Aravind"/>
        <comment number="2" value=""/>
        <comment number="3" value=""/>
        <comment number="4" value=""/>
      </title_block>
    </sheet>
  </design>
  <components>
    <comp ref="H1">
      <value>MountingHole_Pad</value>
      <footprint>MountingHole:MountingHole_3mm_Pad_Via</footprint>
      <datasheet>~</datasheet>
      <libsource lib="Mechanical" part="MountingHole_Pad" description="Mounting Hole with connection"/>
      <sheetpath names="/" tstamps="/"/>
      <tstamp>60BC7ECE</tstamp>
    </comp>
    <comp ref="H2">
      <value>MountingHole_Pad</value>
      <footprint>MountingHole:MountingHole_3mm_Pad_Via</footprint>
      <datasheet>~</datasheet>
      <libsource lib="Mechanical" part="MountingHole_Pad" description="Mounting Hole with connection"/>
      <sheetpath names="/" tstamps="/"/>
      <tstamp>60BC89F5</tstamp>
    </comp>
    <comp ref="H3">
      <value>MountingHole_Pad</value>
      <footprint>MountingHole:MountingHole_3mm_Pad_Via</footprint>
      <datasheet>~</datasheet>
      <libsource lib="Mechanical" part="MountingHole_Pad" description="Mounting Hole with connection"/>
      <sheetpath names="/" tstamps="/"/>
      <tstamp>60BC8BF8</tstamp>
    </comp>
    <comp ref="H4">
      <value>MountingHole_Pad</value>
      <footprint>MountingHole:MountingHole_3mm_Pad_Via</footprint>
      <datasheet>~</datasheet>
      <libsource lib="Mechanical" part="MountingHole_Pad" description="Mounting Hole with connection"/>
      <sheetpath names="/" tstamps="/"/>
      <tstamp>60BC8E17</tstamp>
    </comp>
    <comp ref="H5">
      <value>MountingHole_Pad</value>
      <footprint>MountingHole:MountingHole_3mm_Pad_Via</footprint>
      <datasheet>~</datasheet>
      <libsource lib="Mechanical" part="MountingHole_Pad" description="Mounting Hole with connection"/>
      <sheetpath names="/" tstamps="/"/>
      <tstamp>60BC91BA</tstamp>
    </comp>
    <comp ref="H6">
      <value>MountingHole_Pad</value>
      <footprint>MountingHole:MountingHole_3mm_Pad_Via</footprint>
      <datasheet>~</datasheet>
      <libsource lib="Mechanical" part="MountingHole_Pad" description="Mounting Hole with connection"/>
      <sheetpath names="/" tstamps="/"/>
      <tstamp>60BC94E0</tstamp>
    </comp>
    <comp ref="U3">
      <value>ADS1015IDGS</value>
      <footprint>Package_SO:VSSOP-10_3x3mm_P0.5mm</footprint>
      <datasheet>http://www.ti.com/lit/ds/symlink/ads1015.pdf</datasheet>
      <libsource lib="Analog_ADC" part="ADS1015IDGS" description="Ultra-Small, Low-Power, I2C-Compatible, 3.3-kSPS, 12-Bit ADCs With Internal Reference, Oscillator, and Programmable Comparator, VSSOP-10"/>
      <sheetpath names="/ADC/" tstamps="/609694D5/"/>
      <tstamp>60A1260A</tstamp>
    </comp>
    <comp ref="C24">
      <value>0.1uF</value>
      <footprint>Capacitor_SMD:C_0402_1005Metric_Pad0.74x0.62mm_HandSolder</footprint>
      <datasheet>~</datasheet>
      <libsource lib="Device" part="C_Small" description="Unpolarized capacitor, small symbol"/>
      <sheetpath names="/ADC/" tstamps="/609694D5/"/>
      <tstamp>60A1474C</tstamp>
    </comp>
    <comp ref="R52">
      <value>0</value>
      <footprint>Resistor_SMD:R_0402_1005Metric_Pad0.72x0.64mm_HandSolder</footprint>
      <datasheet>~</datasheet>
      <fields>
        <field name="Loading">NL</field>
      </fields>
      <libsource lib="Device" part="R_Small_US" description="Resistor, small US symbol"/>
      <sheetpath names="/ADC/" tstamps="/609694D5/"/>
      <tstamp>60A2189D</tstamp>
    </comp>
    <comp ref="R53">
      <value>0</value>
      <footprint>Resistor_SMD:R_0402_1005Metric_Pad0.72x0.64mm_HandSolder</footprint>
      <datasheet>~</datasheet>
      <libsource lib="Device" part="R_Small_US" description="Resistor, small US symbol"/>
      <sheetpath names="/ADC/" tstamps="/609694D5/"/>
      <tstamp>60A232EB</tstamp>
    </comp>
    <comp ref="U2">
      <value>ADS1015IDGS</value>
      <footprint>Package_SO:VSSOP-10_3x3mm_P0.5mm</footprint>
      <datasheet>http://www.ti.com/lit/ds/symlink/ads1015.pdf</datasheet>
      <libsource lib="Analog_ADC" part="ADS1015IDGS" description="Ultra-Small, Low-Power, I2C-Compatible, 3.3-kSPS, 12-Bit ADCs With Internal Reference, Oscillator, and Programmable Comparator, VSSOP-10"/>
      <sheetpath names="/ADC/" tstamps="/609694D5/"/>
      <tstamp>60A63D0E</tstamp>
    </comp>
    <comp ref="C25">
      <value>0.1uF</value>
      <footprint>Capacitor_SMD:C_0402_1005Metric_Pad0.74x0.62mm_HandSolder</footprint>
      <datasheet>~</datasheet>
      <libsource lib="Device" part="C_Small" description="Unpolarized capacitor, small symbol"/>
      <sheetpath names="/ADC/" tstamps="/609694D5/"/>
      <tstamp>60A63D1B</tstamp>
    </comp>
    <comp ref="R50">
      <value>0</value>
      <footprint>Resistor_SMD:R_0402_1005Metric_Pad0.72x0.64mm_HandSolder</footprint>
      <datasheet>~</datasheet>
      <libsource lib="Device" part="R_Small_US" description="Resistor, small US symbol"/>
      <sheetpath names="/ADC/" tstamps="/609694D5/"/>
      <tstamp>60A63D58</tstamp>
    </comp>
    <comp ref="R51">
      <value>0</value>
      <footprint>Resistor_SMD:R_0402_1005Metric_Pad0.72x0.64mm_HandSolder</footprint>
      <datasheet>~</datasheet>
      <fields>
        <field name="Loading">NL</field>
      </fields>
      <libsource lib="Device" part="R_Small_US" description="Resistor, small US symbol"/>
      <sheetpath names="/ADC/" tstamps="/609694D5/"/>
      <tstamp>60A63D66</tstamp>
    </comp>
    <comp ref="R54">
      <value>10K</value>
      <footprint>Resistor_SMD:R_0402_1005Metric_Pad0.72x0.64mm_HandSolder</footprint>
      <datasheet>~</datasheet>
      <libsource lib="Device" part="R_Small_US" description="Resistor, small US symbol"/>
      <sheetpath names="/ADC/" tstamps="/609694D5/"/>
      <tstamp>60A1734E</tstamp>
    </comp>
    <comp ref="R49">
      <value>10K</value>
      <footprint>Resistor_SMD:R_0402_1005Metric_Pad0.72x0.64mm_HandSolder</footprint>
      <datasheet>~</datasheet>
      <libsource lib="Device" part="R_Small_US" description="Resistor, small US symbol"/>
      <sheetpath names="/ADC/" tstamps="/609694D5/"/>
      <tstamp>60A16DFA</tstamp>
    </comp>
    <comp ref="TP5">
      <value>ADC0_RDY</value>
      <footprint>TestPoint:TestPoint_Pad_D1.5mm</footprint>
      <datasheet>~</datasheet>
      <libsource lib="Connector" part="TestPoint" description="test point"/>
      <sheetpath names="/ADC/" tstamps="/609694D5/"/>
      <tstamp>6184B547</tstamp>
    </comp>
    <comp ref="TP10">
      <value>ADC1_RDY</value>
      <footprint>TestPoint:TestPoint_Pad_D1.5mm</footprint>
      <datasheet>~</datasheet>
      <libsource lib="Connector" part="TestPoint" description="test point"/>
      <sheetpath names="/ADC/" tstamps="/609694D5/"/>
      <tstamp>6184E3D9</tstamp>
    </comp>
    <comp ref="U1">
      <value>74HC14</value>
      <footprint>Package_SO:SOIC-14_3.9x8.7mm_P1.27mm</footprint>
      <datasheet>http://www.ti.com/lit/gpn/sn74HC14</datasheet>
      <libsource lib="74xx" part="74HC14" description="Hex inverter schmitt trigger"/>
      <sheetpath names="/ADC/" tstamps="/609694D5/"/>
      <tstamp>6185583B</tstamp>
    </comp>
    <comp ref="R9">
      <value>10K</value>
      <footprint>Resistor_SMD:R_0402_1005Metric_Pad0.72x0.64mm_HandSolder</footprint>
      <datasheet>~</datasheet>
      <libsource lib="Device" part="R_Small_US" description="Resistor, small US symbol"/>
      <sheetpath names="/ADC/" tstamps="/609694D5/"/>
      <tstamp>6185B769</tstamp>
    </comp>
    <comp ref="R13">
      <value>0</value>
      <footprint>Resistor_SMD:R_0402_1005Metric_Pad0.72x0.64mm_HandSolder</footprint>
      <datasheet>~</datasheet>
      <fields>
        <field name="Loading">NL</field>
      </fields>
      <libsource lib="Device" part="R_Small_US" description="Resistor, small US symbol"/>
      <sheetpath names="/ADC/" tstamps="/609694D5/"/>
      <tstamp>6185BF30</tstamp>
    </comp>
    <comp ref="C1">
      <value>0.1uF</value>
      <footprint>Capacitor_SMD:C_0402_1005Metric_Pad0.74x0.62mm_HandSolder</footprint>
      <datasheet>~</datasheet>
      <libsource lib="Device" part="C_Small" description="Unpolarized capacitor, small symbol"/>
      <sheetpath names="/ADC/" tstamps="/609694D5/"/>
      <tstamp>6186B91C</tstamp>
    </comp>
    <comp ref="R1">
      <value>0</value>
      <footprint>Resistor_SMD:R_0402_1005Metric_Pad0.72x0.64mm_HandSolder</footprint>
      <datasheet>~</datasheet>
      <libsource lib="Device" part="R_Small_US" description="Resistor, small US symbol"/>
      <sheetpath names="/ADC/" tstamps="/609694D5/"/>
      <tstamp>618A6080</tstamp>
    </comp>
    <comp ref="R6">
      <value>10K</value>
      <footprint>Resistor_SMD:R_0402_1005Metric_Pad0.72x0.64mm_HandSolder</footprint>
      <datasheet>~</datasheet>
      <libsource lib="Device" part="R_Small_US" description="Resistor, small US symbol"/>
      <sheetpath names="/ADC/" tstamps="/609694D5/"/>
      <tstamp>618BE523</tstamp>
    </comp>
    <comp ref="R10">
      <value>10K</value>
      <footprint>Resistor_SMD:R_0402_1005Metric_Pad0.72x0.64mm_HandSolder</footprint>
      <datasheet>~</datasheet>
      <libsource lib="Device" part="R_Small_US" description="Resistor, small US symbol"/>
      <sheetpath names="/ADC/" tstamps="/609694D5/"/>
      <tstamp>618BE52A</tstamp>
    </comp>
    <comp ref="R14">
      <value>0</value>
      <footprint>Resistor_SMD:R_0402_1005Metric_Pad0.72x0.64mm_HandSolder</footprint>
      <datasheet>~</datasheet>
      <fields>
        <field name="Loading">NL</field>
      </fields>
      <libsource lib="Device" part="R_Small_US" description="Resistor, small US symbol"/>
      <sheetpath names="/ADC/" tstamps="/609694D5/"/>
      <tstamp>618BE531</tstamp>
    </comp>
    <comp ref="C32">
      <value>0.1uF</value>
      <footprint>Capacitor_SMD:C_0402_1005Metric_Pad0.74x0.62mm_HandSolder</footprint>
      <datasheet>~</datasheet>
      <libsource lib="Device" part="C_Small" description="Unpolarized capacitor, small symbol"/>
      <sheetpath names="/ADC/" tstamps="/609694D5/"/>
      <tstamp>618BE545</tstamp>
    </comp>
    <comp ref="R2">
      <value>0</value>
      <footprint>Resistor_SMD:R_0402_1005Metric_Pad0.72x0.64mm_HandSolder</footprint>
      <datasheet>~</datasheet>
      <libsource lib="Device" part="R_Small_US" description="Resistor, small US symbol"/>
      <sheetpath names="/ADC/" tstamps="/609694D5/"/>
      <tstamp>618BE576</tstamp>
    </comp>
    <comp ref="R7">
      <value>10K</value>
      <footprint>Resistor_SMD:R_0402_1005Metric_Pad0.72x0.64mm_HandSolder</footprint>
      <datasheet>~</datasheet>
      <libsource lib="Device" part="R_Small_US" description="Resistor, small US symbol"/>
      <sheetpath names="/ADC/" tstamps="/609694D5/"/>
      <tstamp>618D7951</tstamp>
    </comp>
    <comp ref="R11">
      <value>10K</value>
      <footprint>Resistor_SMD:R_0402_1005Metric_Pad0.72x0.64mm_HandSolder</footprint>
      <datasheet>~</datasheet>
      <libsource lib="Device" part="R_Small_US" description="Resistor, small US symbol"/>
      <sheetpath names="/ADC/" tstamps="/609694D5/"/>
      <tstamp>618D7958</tstamp>
    </comp>
    <comp ref="R15">
      <value>0</value>
      <footprint>Resistor_SMD:R_0402_1005Metric_Pad0.72x0.64mm_HandSolder</footprint>
      <datasheet>~</datasheet>
      <fields>
        <field name="Loading">NL</field>
      </fields>
      <libsource lib="Device" part="R_Small_US" description="Resistor, small US symbol"/>
      <sheetpath names="/ADC/" tstamps="/609694D5/"/>
      <tstamp>618D795F</tstamp>
    </comp>
    <comp ref="C7">
      <value>0.1uF</value>
      <footprint>Capacitor_SMD:C_0402_1005Metric_Pad0.74x0.62mm_HandSolder</footprint>
      <datasheet>~</datasheet>
      <libsource lib="Device" part="C_Small" description="Unpolarized capacitor, small symbol"/>
      <sheetpath names="/ADC/" tstamps="/609694D5/"/>
      <tstamp>618D7973</tstamp>
    </comp>
    <comp ref="R3">
      <value>0</value>
      <footprint>Resistor_SMD:R_0402_1005Metric_Pad0.72x0.64mm_HandSolder</footprint>
      <datasheet>~</datasheet>
      <libsource lib="Device" part="R_Small_US" description="Resistor, small US symbol"/>
      <sheetpath names="/ADC/" tstamps="/609694D5/"/>
      <tstamp>618D79A4</tstamp>
    </comp>
    <comp ref="R8">
      <value>10K</value>
      <footprint>Resistor_SMD:R_0402_1005Metric_Pad0.72x0.64mm_HandSolder</footprint>
      <datasheet>~</datasheet>
      <libsource lib="Device" part="R_Small_US" description="Resistor, small US symbol"/>
      <sheetpath names="/ADC/" tstamps="/609694D5/"/>
      <tstamp>618D79B2</tstamp>
    </comp>
    <comp ref="R12">
      <value>10K</value>
      <footprint>Resistor_SMD:R_0402_1005Metric_Pad0.72x0.64mm_HandSolder</footprint>
      <datasheet>~</datasheet>
      <libsource lib="Device" part="R_Small_US" description="Resistor, small US symbol"/>
      <sheetpath names="/ADC/" tstamps="/609694D5/"/>
      <tstamp>618D79B9</tstamp>
    </comp>
    <comp ref="R16">
      <value>0</value>
      <footprint>Resistor_SMD:R_0402_1005Metric_Pad0.72x0.64mm_HandSolder</footprint>
      <datasheet>~</datasheet>
      <fields>
        <field name="Loading">NL</field>
      </fields>
      <libsource lib="Device" part="R_Small_US" description="Resistor, small US symbol"/>
      <sheetpath names="/ADC/" tstamps="/609694D5/"/>
      <tstamp>618D79C0</tstamp>
    </comp>
    <comp ref="C13">
      <value>0.1uF</value>
      <footprint>Capacitor_SMD:C_0402_1005Metric_Pad0.74x0.62mm_HandSolder</footprint>
      <datasheet>~</datasheet>
      <libsource lib="Device" part="C_Small" description="Unpolarized capacitor, small symbol"/>
      <sheetpath names="/ADC/" tstamps="/609694D5/"/>
      <tstamp>618D79D4</tstamp>
    </comp>
    <comp ref="R4">
      <value>0</value>
      <footprint>Resistor_SMD:R_0402_1005Metric_Pad0.72x0.64mm_HandSolder</footprint>
      <datasheet>~</datasheet>
      <libsource lib="Device" part="R_Small_US" description="Resistor, small US symbol"/>
      <sheetpath names="/ADC/" tstamps="/609694D5/"/>
      <tstamp>618D7A05</tstamp>
    </comp>
    <comp ref="U4">
      <value>74HC14</value>
      <footprint>Package_SO:SOIC-14_3.9x8.7mm_P1.27mm</footprint>
      <datasheet>http://www.ti.com/lit/gpn/sn74HC14</datasheet>
      <libsource lib="74xx" part="74HC14" description="Hex inverter schmitt trigger"/>
      <sheetpath names="/ADC/" tstamps="/609694D5/"/>
      <tstamp>6191C358</tstamp>
    </comp>
    <comp ref="R21">
      <value>10K</value>
      <footprint>Resistor_SMD:R_0402_1005Metric_Pad0.72x0.64mm_HandSolder</footprint>
      <datasheet>~</datasheet>
      <libsource lib="Device" part="R_Small_US" description="Resistor, small US symbol"/>
      <sheetpath names="/ADC/" tstamps="/609694D5/"/>
      <tstamp>6191C35F</tstamp>
    </comp>
    <comp ref="R25">
      <value>10K</value>
      <footprint>Resistor_SMD:R_0402_1005Metric_Pad0.72x0.64mm_HandSolder</footprint>
      <datasheet>~</datasheet>
      <libsource lib="Device" part="R_Small_US" description="Resistor, small US symbol"/>
      <sheetpath names="/ADC/" tstamps="/609694D5/"/>
      <tstamp>6191C366</tstamp>
    </comp>
    <comp ref="R29">
      <value>0</value>
      <footprint>Resistor_SMD:R_0402_1005Metric_Pad0.72x0.64mm_HandSolder</footprint>
      <datasheet>~</datasheet>
      <fields>
        <field name="Loading">NL</field>
      </fields>
      <libsource lib="Device" part="R_Small_US" description="Resistor, small US symbol"/>
      <sheetpath names="/ADC/" tstamps="/609694D5/"/>
      <tstamp>6191C36D</tstamp>
    </comp>
    <comp ref="C16">
      <value>0.1uF</value>
      <footprint>Capacitor_SMD:C_0402_1005Metric_Pad0.74x0.62mm_HandSolder</footprint>
      <datasheet>~</datasheet>
      <libsource lib="Device" part="C_Small" description="Unpolarized capacitor, small symbol"/>
      <sheetpath names="/ADC/" tstamps="/609694D5/"/>
      <tstamp>6191C381</tstamp>
    </comp>
    <comp ref="R17">
      <value>0</value>
      <footprint>Resistor_SMD:R_0402_1005Metric_Pad0.72x0.64mm_HandSolder</footprint>
      <datasheet>~</datasheet>
      <libsource lib="Device" part="R_Small_US" description="Resistor, small US symbol"/>
      <sheetpath names="/ADC/" tstamps="/609694D5/"/>
      <tstamp>6191C3B2</tstamp>
    </comp>
    <comp ref="R22">
      <value>10K</value>
      <footprint>Resistor_SMD:R_0402_1005Metric_Pad0.72x0.64mm_HandSolder</footprint>
      <datasheet>~</datasheet>
      <libsource lib="Device" part="R_Small_US" description="Resistor, small US symbol"/>
      <sheetpath names="/ADC/" tstamps="/609694D5/"/>
      <tstamp>6191C3C0</tstamp>
    </comp>
    <comp ref="R26">
      <value>10K</value>
      <footprint>Resistor_SMD:R_0402_1005Metric_Pad0.72x0.64mm_HandSolder</footprint>
      <datasheet>~</datasheet>
      <libsource lib="Device" part="R_Small_US" description="Resistor, small US symbol"/>
      <sheetpath names="/ADC/" tstamps="/609694D5/"/>
      <tstamp>6191C3C7</tstamp>
    </comp>
    <comp ref="R30">
      <value>0</value>
      <footprint>Resistor_SMD:R_0402_1005Metric_Pad0.72x0.64mm_HandSolder</footprint>
      <datasheet>~</datasheet>
      <fields>
        <field name="Loading">NL</field>
      </fields>
      <libsource lib="Device" part="R_Small_US" description="Resistor, small US symbol"/>
      <sheetpath names="/ADC/" tstamps="/609694D5/"/>
      <tstamp>6191C3CE</tstamp>
    </comp>
    <comp ref="C20">
      <value>0.1uF</value>
      <footprint>Capacitor_SMD:C_0402_1005Metric_Pad0.74x0.62mm_HandSolder</footprint>
      <datasheet>~</datasheet>
      <libsource lib="Device" part="C_Small" description="Unpolarized capacitor, small symbol"/>
      <sheetpath names="/ADC/" tstamps="/609694D5/"/>
      <tstamp>6191C3E2</tstamp>
    </comp>
    <comp ref="R18">
      <value>0</value>
      <footprint>Resistor_SMD:R_0402_1005Metric_Pad0.72x0.64mm_HandSolder</footprint>
      <datasheet>~</datasheet>
      <libsource lib="Device" part="R_Small_US" description="Resistor, small US symbol"/>
      <sheetpath names="/ADC/" tstamps="/609694D5/"/>
      <tstamp>6191C413</tstamp>
    </comp>
    <comp ref="R23">
      <value>10K</value>
      <footprint>Resistor_SMD:R_0402_1005Metric_Pad0.72x0.64mm_HandSolder</footprint>
      <datasheet>~</datasheet>
      <libsource lib="Device" part="R_Small_US" description="Resistor, small US symbol"/>
      <sheetpath names="/ADC/" tstamps="/609694D5/"/>
      <tstamp>6191C421</tstamp>
    </comp>
    <comp ref="R27">
      <value>10K</value>
      <footprint>Resistor_SMD:R_0402_1005Metric_Pad0.72x0.64mm_HandSolder</footprint>
      <datasheet>~</datasheet>
      <libsource lib="Device" part="R_Small_US" description="Resistor, small US symbol"/>
      <sheetpath names="/ADC/" tstamps="/609694D5/"/>
      <tstamp>6191C428</tstamp>
    </comp>
    <comp ref="R31">
      <value>0</value>
      <footprint>Resistor_SMD:R_0402_1005Metric_Pad0.72x0.64mm_HandSolder</footprint>
      <datasheet>~</datasheet>
      <fields>
        <field name="Loading">NL</field>
      </fields>
      <libsource lib="Device" part="R_Small_US" description="Resistor, small US symbol"/>
      <sheetpath names="/ADC/" tstamps="/609694D5/"/>
      <tstamp>6191C42F</tstamp>
    </comp>
    <comp ref="C22">
      <value>0.1uF</value>
      <footprint>Capacitor_SMD:C_0402_1005Metric_Pad0.74x0.62mm_HandSolder</footprint>
      <datasheet>~</datasheet>
      <libsource lib="Device" part="C_Small" description="Unpolarized capacitor, small symbol"/>
      <sheetpath names="/ADC/" tstamps="/609694D5/"/>
      <tstamp>6191C443</tstamp>
    </comp>
    <comp ref="R19">
      <value>0</value>
      <footprint>Resistor_SMD:R_0402_1005Metric_Pad0.72x0.64mm_HandSolder</footprint>
      <datasheet>~</datasheet>
      <libsource lib="Device" part="R_Small_US" description="Resistor, small US symbol"/>
      <sheetpath names="/ADC/" tstamps="/609694D5/"/>
      <tstamp>6191C474</tstamp>
    </comp>
    <comp ref="R24">
      <value>10K</value>
      <footprint>Resistor_SMD:R_0402_1005Metric_Pad0.72x0.64mm_HandSolder</footprint>
      <datasheet>~</datasheet>
      <libsource lib="Device" part="R_Small_US" description="Resistor, small US symbol"/>
      <sheetpath names="/ADC/" tstamps="/609694D5/"/>
      <tstamp>6191C482</tstamp>
    </comp>
    <comp ref="R28">
      <value>10K</value>
      <footprint>Resistor_SMD:R_0402_1005Metric_Pad0.72x0.64mm_HandSolder</footprint>
      <datasheet>~</datasheet>
      <libsource lib="Device" part="R_Small_US" description="Resistor, small US symbol"/>
      <sheetpath names="/ADC/" tstamps="/609694D5/"/>
      <tstamp>6191C489</tstamp>
    </comp>
    <comp ref="R32">
      <value>0</value>
      <footprint>Resistor_SMD:R_0402_1005Metric_Pad0.72x0.64mm_HandSolder</footprint>
      <datasheet>~</datasheet>
      <fields>
        <field name="Loading">NL</field>
      </fields>
      <libsource lib="Device" part="R_Small_US" description="Resistor, small US symbol"/>
      <sheetpath names="/ADC/" tstamps="/609694D5/"/>
      <tstamp>6191C490</tstamp>
    </comp>
    <comp ref="C29">
      <value>0.1uF</value>
      <footprint>Capacitor_SMD:C_0402_1005Metric_Pad0.74x0.62mm_HandSolder</footprint>
      <datasheet>~</datasheet>
      <libsource lib="Device" part="C_Small" description="Unpolarized capacitor, small symbol"/>
      <sheetpath names="/ADC/" tstamps="/609694D5/"/>
      <tstamp>6191C4A4</tstamp>
    </comp>
    <comp ref="R20">
      <value>0</value>
      <footprint>Resistor_SMD:R_0402_1005Metric_Pad0.72x0.64mm_HandSolder</footprint>
      <datasheet>~</datasheet>
      <libsource lib="Device" part="R_Small_US" description="Resistor, small US symbol"/>
      <sheetpath names="/ADC/" tstamps="/609694D5/"/>
      <tstamp>6191C4D5</tstamp>
    </comp>
    <comp ref="R33">
      <value>10K</value>
      <footprint>Resistor_SMD:R_0402_1005Metric_Pad0.72x0.64mm_HandSolder</footprint>
      <datasheet>~</datasheet>
      <libsource lib="Device" part="R_Small_US" description="Resistor, small US symbol"/>
      <sheetpath names="/ADC/" tstamps="/609694D5/"/>
      <tstamp>619B493B</tstamp>
    </comp>
    <comp ref="R34">
      <value>10K</value>
      <footprint>Resistor_SMD:R_0402_1005Metric_Pad0.72x0.64mm_HandSolder</footprint>
      <datasheet>~</datasheet>
      <libsource lib="Device" part="R_Small_US" description="Resistor, small US symbol"/>
      <sheetpath names="/ADC/" tstamps="/609694D5/"/>
      <tstamp>619B4942</tstamp>
    </comp>
    <comp ref="C30">
      <value>0.1uF</value>
      <footprint>Capacitor_SMD:C_0402_1005Metric_Pad0.74x0.62mm_HandSolder</footprint>
      <datasheet>~</datasheet>
      <libsource lib="Device" part="C_Small" description="Unpolarized capacitor, small symbol"/>
      <sheetpath names="/ADC/" tstamps="/609694D5/"/>
      <tstamp>619B4951</tstamp>
    </comp>
    <comp ref="R35">
      <value>0</value>
      <footprint>Resistor_SMD:R_0402_1005Metric_Pad0.72x0.64mm_HandSolder</footprint>
      <datasheet>~</datasheet>
      <fields>
        <field name="Loading">NL</field>
      </fields>
      <libsource lib="Device" part="R_Small_US" description="Resistor, small US symbol"/>
      <sheetpath names="/ADC/" tstamps="/609694D5/"/>
      <tstamp>61A1FAE4</tstamp>
    </comp>
    <comp ref="J1">
      <value>Conn_02x07_Odd_Even</value>
      <footprint>Connector_PinHeader_2.54mm:PinHeader_2x07_P2.54mm_Horizontal</footprint>
      <datasheet>~</datasheet>
      <libsource lib="Connector_Generic" part="Conn_02x07_Odd_Even" description="Generic connector, double row, 02x07, odd/even pin numbering scheme (row 1 odd numbers, row 2 even numbers), script generated (kicad-library-utils/schlib/autogen/connector/)"/>
      <sheetpath names="/ADC/" tstamps="/609694D5/"/>
      <tstamp>62A39665</tstamp>
    </comp>
    <comp ref="U8">
      <value>ADS1015IDGS</value>
      <footprint>Package_SO:VSSOP-10_3x3mm_P0.5mm</footprint>
      <datasheet>http://www.ti.com/lit/ds/symlink/ads1015.pdf</datasheet>
      <libsource lib="Analog_ADC" part="ADS1015IDGS" description="Ultra-Small, Low-Power, I2C-Compatible, 3.3-kSPS, 12-Bit ADCs With Internal Reference, Oscillator, and Programmable Comparator, VSSOP-10"/>
      <sheetpath names="/ADC/" tstamps="/609694D5/"/>
      <tstamp>609E4E8C</tstamp>
    </comp>
    <comp ref="C31">
      <value>0.1uF</value>
      <footprint>Capacitor_SMD:C_0402_1005Metric_Pad0.74x0.62mm_HandSolder</footprint>
      <datasheet>~</datasheet>
      <libsource lib="Device" part="C_Small" description="Unpolarized capacitor, small symbol"/>
      <sheetpath names="/ADC/" tstamps="/609694D5/"/>
      <tstamp>609E4E99</tstamp>
    </comp>
    <comp ref="R36">
      <value>0</value>
      <footprint>Resistor_SMD:R_0402_1005Metric_Pad0.72x0.64mm_HandSolder</footprint>
      <datasheet>~</datasheet>
      <fields>
        <field name="Loading">NL</field>
      </fields>
      <libsource lib="Device" part="R_Small_US" description="Resistor, small US symbol"/>
      <sheetpath names="/ADC/" tstamps="/609694D5/"/>
      <tstamp>609E4EAD</tstamp>
    </comp>
    <comp ref="R37">
      <value>0</value>
      <footprint>Resistor_SMD:R_0402_1005Metric_Pad0.72x0.64mm_HandSolder</footprint>
      <datasheet>~</datasheet>
      <libsource lib="Device" part="R_Small_US" description="Resistor, small US symbol"/>
      <sheetpath names="/ADC/" tstamps="/609694D5/"/>
      <tstamp>609E4EB4</tstamp>
    </comp>
    <comp ref="TP9">
      <value>ADC2_RDY</value>
      <footprint>TestPoint:TestPoint_Pad_D1.5mm</footprint>
      <datasheet>~</datasheet>
      <libsource lib="Connector" part="TestPoint" description="test point"/>
      <sheetpath names="/ADC/" tstamps="/609694D5/"/>
      <tstamp>609E4EDF</tstamp>
    </comp>
    <comp ref="J14">
      <value>Conn_02x04_Odd_Even</value>
      <footprint>Connector_PinHeader_2.54mm:PinHeader_2x04_P2.54mm_Horizontal</footprint>
      <datasheet>~</datasheet>
      <libsource lib="Connector_Generic" part="Conn_02x04_Odd_Even" description="Generic connector, double row, 02x04, odd/even pin numbering scheme (row 1 odd numbers, row 2 even numbers), script generated (kicad-library-utils/schlib/autogen/connector/)"/>
      <sheetpath names="/ADC/" tstamps="/609694D5/"/>
      <tstamp>60A52080</tstamp>
    </comp>
    <comp ref="R5">
      <value>10K</value>
      <footprint>Resistor_SMD:R_0402_1005Metric_Pad0.72x0.64mm_HandSolder</footprint>
      <datasheet>~</datasheet>
      <libsource lib="Device" part="R_Small_US" description="Resistor, small US symbol"/>
      <sheetpath names="/ADC/" tstamps="/609694D5/"/>
      <tstamp>61859B40</tstamp>
    </comp>
    <comp ref="C33">
      <value>0.1uF</value>
      <footprint>Capacitor_SMD:C_0402_1005Metric_Pad0.74x0.62mm_HandSolder</footprint>
      <datasheet>~</datasheet>
      <libsource lib="Device" part="C_Small" description="Unpolarized capacitor, small symbol"/>
      <sheetpath names="/ADC/" tstamps="/609694D5/"/>
      <tstamp>616A9A32</tstamp>
    </comp>
    <comp ref="C34">
      <value>0.1uF</value>
      <footprint>Capacitor_SMD:C_0402_1005Metric_Pad0.74x0.62mm_HandSolder</footprint>
      <datasheet>~</datasheet>
      <libsource lib="Device" part="C_Small" description="Unpolarized capacitor, small symbol"/>
      <sheetpath names="/ADC/" tstamps="/609694D5/"/>
      <tstamp>616D7800</tstamp>
    </comp>
    <comp ref="J2">
      <value>Conn_02x11_Odd_Even</value>
      <footprint>Connector_PinHeader_2.54mm:PinHeader_2x11_P2.54mm_Horizontal</footprint>
      <datasheet>~</datasheet>
      <libsource lib="Connector_Generic" part="Conn_02x11_Odd_Even" description="Generic connector, double row, 02x11, odd/even pin numbering scheme (row 1 odd numbers, row 2 even numbers), script generated (kicad-library-utils/schlib/autogen/connector/)"/>
      <sheetpath names="/ADC/" tstamps="/609694D5/"/>
      <tstamp>61635E20</tstamp>
    </comp>
    <comp ref="U5">
      <value>TM4C123GH6PM</value>
      <footprint>Package_QFP:LQFP-64_10x10mm_P0.5mm</footprint>
      <libsource lib="tm4c" part="TM4C123GH6PM" description=""/>
      <sheetpath names="/MCU_PWR_IO/" tstamps="/63F23F40/"/>
      <tstamp>60853F6A</tstamp>
    </comp>
    <comp ref="C21">
      <value>0.1uF</value>
      <footprint>Capacitor_SMD:C_0402_1005Metric_Pad0.74x0.62mm_HandSolder</footprint>
      <datasheet>~</datasheet>
      <libsource lib="Device" part="C_Small" description="Unpolarized capacitor, small symbol"/>
      <sheetpath names="/MCU_PWR_IO/" tstamps="/63F23F40/"/>
      <tstamp>6085D9BF</tstamp>
    </comp>
    <comp ref="C23">
      <value>0.1uF</value>
      <footprint>Capacitor_SMD:C_0402_1005Metric_Pad0.74x0.62mm_HandSolder</footprint>
      <datasheet>~</datasheet>
      <libsource lib="Device" part="C_Small" description="Unpolarized capacitor, small symbol"/>
      <sheetpath names="/MCU_PWR_IO/" tstamps="/63F23F40/"/>
      <tstamp>6085EF95</tstamp>
    </comp>
    <comp ref="C2">
      <value>0.1uF</value>
      <footprint>Capacitor_SMD:C_0402_1005Metric_Pad0.74x0.62mm_HandSolder</footprint>
      <datasheet>~</datasheet>
      <libsource lib="Device" part="C_Small" description="Unpolarized capacitor, small symbol"/>
      <sheetpath names="/MCU_PWR_IO/" tstamps="/63F23F40/"/>
      <tstamp>6085F2C4</tstamp>
    </comp>
    <comp ref="C3">
      <value>0.1uF</value>
      <footprint>Capacitor_SMD:C_0402_1005Metric_Pad0.74x0.62mm_HandSolder</footprint>
      <datasheet>~</datasheet>
      <libsource lib="Device" part="C_Small" description="Unpolarized capacitor, small symbol"/>
      <sheetpath names="/MCU_PWR_IO/" tstamps="/63F23F40/"/>
      <tstamp>6085F7AD</tstamp>
    </comp>
    <comp ref="C15">
      <value>0.01uF</value>
      <footprint>Capacitor_SMD:C_0402_1005Metric_Pad0.74x0.62mm_HandSolder</footprint>
      <datasheet>~</datasheet>
      <libsource lib="Device" part="C_Small" description="Unpolarized capacitor, small symbol"/>
      <sheetpath names="/MCU_PWR_IO/" tstamps="/63F23F40/"/>
      <tstamp>608624E6</tstamp>
    </comp>
    <comp ref="C17">
      <value>0.01uF</value>
      <footprint>Capacitor_SMD:C_0402_1005Metric_Pad0.74x0.62mm_HandSolder</footprint>
      <datasheet>~</datasheet>
      <libsource lib="Device" part="C_Small" description="Unpolarized capacitor, small symbol"/>
      <sheetpath names="/MCU_PWR_IO/" tstamps="/63F23F40/"/>
      <tstamp>60862FF8</tstamp>
    </comp>
    <comp ref="C18">
      <value>0.01uF</value>
      <footprint>Capacitor_SMD:C_0402_1005Metric_Pad0.74x0.62mm_HandSolder</footprint>
      <datasheet>~</datasheet>
      <libsource lib="Device" part="C_Small" description="Unpolarized capacitor, small symbol"/>
      <sheetpath names="/MCU_PWR_IO/" tstamps="/63F23F40/"/>
      <tstamp>60863513</tstamp>
    </comp>
    <comp ref="C19">
      <value>0.01uF</value>
      <footprint>Capacitor_SMD:C_0402_1005Metric_Pad0.74x0.62mm_HandSolder</footprint>
      <datasheet>~</datasheet>
      <libsource lib="Device" part="C_Small" description="Unpolarized capacitor, small symbol"/>
      <sheetpath names="/MCU_PWR_IO/" tstamps="/63F23F40/"/>
      <tstamp>6086397F</tstamp>
    </comp>
    <comp ref="C11">
      <value>0.1uF</value>
      <footprint>Capacitor_SMD:C_0402_1005Metric_Pad0.74x0.62mm_HandSolder</footprint>
      <datasheet>~</datasheet>
      <libsource lib="Device" part="C_Small" description="Unpolarized capacitor, small symbol"/>
      <sheetpath names="/MCU_PWR_IO/" tstamps="/63F23F40/"/>
      <tstamp>608758F2</tstamp>
    </comp>
    <comp ref="C9">
      <value>1uF</value>
      <footprint>Capacitor_SMD:C_0402_1005Metric_Pad0.74x0.62mm_HandSolder</footprint>
      <datasheet>~</datasheet>
      <libsource lib="Device" part="C_Small" description="Unpolarized capacitor, small symbol"/>
      <sheetpath names="/MCU_PWR_IO/" tstamps="/63F23F40/"/>
      <tstamp>60875B8B</tstamp>
    </comp>
    <comp ref="C5">
      <value>2.2uF</value>
      <footprint>Capacitor_SMD:C_0603_1608Metric_Pad1.08x0.95mm_HandSolder</footprint>
      <datasheet>~</datasheet>
      <libsource lib="Device" part="C_Small" description="Unpolarized capacitor, small symbol"/>
      <sheetpath names="/MCU_PWR_IO/" tstamps="/63F23F40/"/>
      <tstamp>60875E4F</tstamp>
    </comp>
    <comp ref="FB1">
      <value>330Ohm@100MHz</value>
      <footprint>Inductor_SMD:L_0805_2012Metric_Pad1.15x1.40mm_HandSolder</footprint>
      <datasheet>~</datasheet>
      <fields>
        <field name="MfrPart">GZ2012D601TF</field>
      </fields>
      <libsource lib="Device" part="Ferrite_Bead_Small" description="Ferrite bead, small symbol"/>
      <sheetpath names="/MCU_PWR_IO/" tstamps="/63F23F40/"/>
      <tstamp>60842D71</tstamp>
    </comp>
    <comp ref="C14">
      <value>0.1uF</value>
      <footprint>Capacitor_SMD:C_0402_1005Metric_Pad0.74x0.62mm_HandSolder</footprint>
      <datasheet>~</datasheet>
      <libsource lib="Device" part="C_Small" description="Unpolarized capacitor, small symbol"/>
      <sheetpath names="/MCU_PWR_IO/" tstamps="/63F23F40/"/>
      <tstamp>608541DD</tstamp>
    </comp>
    <comp ref="Y1">
      <value>32.768KHz</value>
      <footprint>AB26TRB-32:XTAL_AB26TRB-32.768KHZ-T</footprint>
      <datasheet>~</datasheet>
      <fields>
        <field name="MfrPrt">AB26T-32.768KHZ</field>
      </fields>
      <libsource lib="Device" part="Crystal_Small" description="Two pin crystal, small symbol"/>
      <sheetpath names="/MCU_PWR_IO/" tstamps="/63F23F40/"/>
      <tstamp>608586C5</tstamp>
    </comp>
    <comp ref="C8">
      <value>24pF</value>
      <footprint>Capacitor_SMD:C_0402_1005Metric_Pad0.74x0.62mm_HandSolder</footprint>
      <datasheet>~</datasheet>
      <libsource lib="Device" part="C_Small" description="Unpolarized capacitor, small symbol"/>
      <sheetpath names="/MCU_PWR_IO/" tstamps="/63F23F40/"/>
      <tstamp>6086619C</tstamp>
    </comp>
    <comp ref="C10">
      <value>24pF</value>
      <footprint>Capacitor_SMD:C_0402_1005Metric_Pad0.74x0.62mm_HandSolder</footprint>
      <datasheet>~</datasheet>
      <libsource lib="Device" part="C_Small" description="Unpolarized capacitor, small symbol"/>
      <sheetpath names="/MCU_PWR_IO/" tstamps="/63F23F40/"/>
      <tstamp>6086714F</tstamp>
    </comp>
    <comp ref="Y2">
      <value>16MHz</value>
      <footprint>NX5032GA-16MHZ:CRYSTAL_5_3.2MM</footprint>
      <datasheet>~</datasheet>
      <fields>
        <field name="MfrPrt">NX5032GA</field>
      </fields>
      <libsource lib="Device" part="Crystal_Small" description="Two pin crystal, small symbol"/>
      <sheetpath names="/MCU_PWR_IO/" tstamps="/63F23F40/"/>
      <tstamp>6086AFEC</tstamp>
    </comp>
    <comp ref="R62">
      <value>0</value>
      <footprint>Resistor_SMD:R_0402_1005Metric_Pad0.72x0.64mm_HandSolder</footprint>
      <datasheet>~</datasheet>
      <libsource lib="Device" part="R_Small_US" description="Resistor, small US symbol"/>
      <sheetpath names="/MCU_PWR_IO/" tstamps="/63F23F40/"/>
      <tstamp>6086F553</tstamp>
    </comp>
    <comp ref="C4">
      <value>10pF</value>
      <footprint>Capacitor_SMD:C_0402_1005Metric_Pad0.74x0.62mm_HandSolder</footprint>
      <datasheet>~</datasheet>
      <libsource lib="Device" part="C_Small" description="Unpolarized capacitor, small symbol"/>
      <sheetpath names="/MCU_PWR_IO/" tstamps="/63F23F40/"/>
      <tstamp>60875973</tstamp>
    </comp>
    <comp ref="C6">
      <value>10pF</value>
      <footprint>Capacitor_SMD:C_0402_1005Metric_Pad0.74x0.62mm_HandSolder</footprint>
      <datasheet>~</datasheet>
      <libsource lib="Device" part="C_Small" description="Unpolarized capacitor, small symbol"/>
      <sheetpath names="/MCU_PWR_IO/" tstamps="/63F23F40/"/>
      <tstamp>60876135</tstamp>
    </comp>
    <comp ref="C28">
      <value>0.1uF</value>
      <footprint>Capacitor_SMD:C_0402_1005Metric_Pad0.74x0.62mm_HandSolder</footprint>
      <datasheet>~</datasheet>
      <fields>
        <field name="Loading">NL</field>
      </fields>
      <libsource lib="Device" part="C_Small" description="Unpolarized capacitor, small symbol"/>
      <sheetpath names="/MCU_PWR_IO/" tstamps="/63F23F40/"/>
      <tstamp>60894D02</tstamp>
    </comp>
    <comp ref="R91">
      <value>10K</value>
      <footprint>Resistor_SMD:R_0402_1005Metric_Pad0.72x0.64mm_HandSolder</footprint>
      <datasheet>~</datasheet>
      <libsource lib="Device" part="R_Small_US" description="Resistor, small US symbol"/>
      <sheetpath names="/MCU_PWR_IO/" tstamps="/63F23F40/"/>
      <tstamp>608A32D3</tstamp>
    </comp>
    <comp ref="C12">
      <value>0.1uF</value>
      <footprint>Capacitor_SMD:C_0402_1005Metric_Pad0.74x0.62mm_HandSolder</footprint>
      <datasheet>~</datasheet>
      <libsource lib="Device" part="C_Small" description="Unpolarized capacitor, small symbol"/>
      <sheetpath names="/MCU_PWR_IO/" tstamps="/63F23F40/"/>
      <tstamp>608747FC</tstamp>
    </comp>
    <comp ref="R55">
      <value>10K</value>
      <footprint>Resistor_SMD:R_0402_1005Metric_Pad0.72x0.64mm_HandSolder</footprint>
      <datasheet>~</datasheet>
      <fields>
        <field name="Loading">NL</field>
      </fields>
      <libsource lib="Device" part="R_Small_US" description="Resistor, small US symbol"/>
      <sheetpath names="/MCU_PWR_IO/" tstamps="/63F23F40/"/>
      <tstamp>608B963F</tstamp>
    </comp>
    <comp ref="R56">
      <value>0</value>
      <footprint>Resistor_SMD:R_0402_1005Metric_Pad0.72x0.64mm_HandSolder</footprint>
      <datasheet>~</datasheet>
      <libsource lib="Device" part="R_Small_US" description="Resistor, small US symbol"/>
      <sheetpath names="/MCU_PWR_IO/" tstamps="/63F23F40/"/>
      <tstamp>608B9F13</tstamp>
    </comp>
    <comp ref="TP2">
      <value>HIB</value>
      <footprint>TestPoint:TestPoint_Pad_D1.5mm</footprint>
      <datasheet>~</datasheet>
      <libsource lib="Connector" part="TestPoint" description="test point"/>
      <sheetpath names="/MCU_PWR_IO/" tstamps="/63F23F40/"/>
      <tstamp>608D58BC</tstamp>
    </comp>
    <comp ref="TP1">
      <value>WAKE_N</value>
      <footprint>TestPoint:TestPoint_Pad_D1.5mm</footprint>
      <datasheet>~</datasheet>
      <libsource lib="Connector" part="TestPoint" description="test point"/>
      <sheetpath names="/MCU_PWR_IO/" tstamps="/63F23F40/"/>
      <tstamp>608DB2C2</tstamp>
    </comp>
    <comp ref="J8">
      <value>USB_B_Micro</value>
      <footprint>Connector_USB:USB_Micro-AB_Molex_47590-0001</footprint>
      <datasheet>~</datasheet>
      <libsource lib="Connector" part="USB_B_Micro" description="USB Micro Type B connector"/>
      <sheetpath names="/MCU_PWR_IO/" tstamps="/63F23F40/"/>
      <tstamp>6093D499</tstamp>
    </comp>
    <comp ref="TP7">
      <value>3.3V</value>
      <footprint>TestPoint:TestPoint_Pad_D1.5mm</footprint>
      <datasheet>~</datasheet>
      <libsource lib="Connector" part="TestPoint" description="test point"/>
      <sheetpath names="/MCU_PWR_IO/" tstamps="/63F23F40/"/>
      <tstamp>6092787E</tstamp>
    </comp>
    <comp ref="D15">
      <value>+3.3V</value>
      <footprint>LED_SMD:LED_0603_1608Metric</footprint>
      <datasheet>~</datasheet>
      <libsource lib="Device" part="LED" description="Light emitting diode"/>
      <sheetpath names="/MCU_PWR_IO/" tstamps="/63F23F40/"/>
      <tstamp>609172EA</tstamp>
    </comp>
    <comp ref="R76">
      <value>10K</value>
      <footprint>Resistor_SMD:R_0402_1005Metric_Pad0.72x0.64mm_HandSolder</footprint>
      <datasheet>~</datasheet>
      <libsource lib="Device" part="R_Small_US" description="Resistor, small US symbol"/>
      <sheetpath names="/MCU_PWR_IO/" tstamps="/63F23F40/"/>
      <tstamp>60916526</tstamp>
    </comp>
    <comp ref="C26">
      <value>0.1uF</value>
      <footprint>Capacitor_SMD:C_0402_1005Metric_Pad0.74x0.62mm_HandSolder</footprint>
      <datasheet>~</datasheet>
      <libsource lib="Device" part="C_Small" description="Unpolarized capacitor, small symbol"/>
      <sheetpath names="/MCU_PWR_IO/" tstamps="/63F23F40/"/>
      <tstamp>6090BFED</tstamp>
    </comp>
    <comp ref="TP16">
      <value>VBUS</value>
      <footprint>TestPoint:TestPoint_Pad_D1.5mm</footprint>
      <datasheet>~</datasheet>
      <libsource lib="Connector" part="TestPoint" description="test point"/>
      <sheetpath names="/MCU_PWR_IO/" tstamps="/63F23F40/"/>
      <tstamp>60906DB3</tstamp>
    </comp>
    <comp ref="C27">
      <value>1uF</value>
      <footprint>Capacitor_SMD:C_0402_1005Metric_Pad0.74x0.62mm_HandSolder</footprint>
      <datasheet>~</datasheet>
      <libsource lib="Device" part="C_Small" description="Unpolarized capacitor, small symbol"/>
      <sheetpath names="/MCU_PWR_IO/" tstamps="/63F23F40/"/>
      <tstamp>608F7253</tstamp>
    </comp>
    <comp ref="U6">
      <value>TPS73633DBV</value>
      <footprint>Package_TO_SOT_SMD:SOT-23-5</footprint>
      <datasheet>http://www.ti.com/lit/ds/symlink/tps736.pdf</datasheet>
      <libsource lib="Regulator_Linear" part="TPS73633DBV" description="Cap free NMOS 400mA Low Drop 3.3V Regulator, SOT-23-5"/>
      <sheetpath names="/MCU_PWR_IO/" tstamps="/63F23F40/"/>
      <tstamp>608ED777</tstamp>
    </comp>
    <comp ref="R89">
      <value>100</value>
      <footprint>Resistor_SMD:R_0402_1005Metric_Pad0.72x0.64mm_HandSolder</footprint>
      <datasheet>~</datasheet>
      <fields>
        <field name="Loading">NL</field>
      </fields>
      <libsource lib="Device" part="R_Small_US" description="Resistor, small US symbol"/>
      <sheetpath names="/MCU_PWR_IO/" tstamps="/63F23F40/"/>
      <tstamp>6098CA40</tstamp>
    </comp>
    <comp ref="U7">
      <value>TVS0500DRV</value>
      <footprint>Package_SON:WSON-6-1EP_2x2mm_P0.65mm_EP1x1.6mm</footprint>
      <datasheet>http://www.ti.com/lit/ds/symlink/tvs0500.pdf</datasheet>
      <libsource lib="Power_Protection" part="TVS0500DRV" description="Flat-Clamp Surge Protection Device. 5Vrwm, WSON-6"/>
      <sheetpath names="/MCU_PWR_IO/" tstamps="/63F23F40/"/>
      <tstamp>60CB06E9</tstamp>
    </comp>
    <comp ref="FB2">
      <value>330Ohm@100MHz</value>
      <footprint>Inductor_SMD:L_0805_2012Metric_Pad1.15x1.40mm_HandSolder</footprint>
      <datasheet>~</datasheet>
      <fields>
        <field name="MfrPart">BLM18BB331SN1D</field>
      </fields>
      <libsource lib="Device" part="Ferrite_Bead_Small" description="Ferrite bead, small symbol"/>
      <sheetpath names="/MCU_PWR_IO/" tstamps="/63F23F40/"/>
      <tstamp>60CE07CC</tstamp>
    </comp>
    <comp ref="TP11">
      <value>+5V</value>
      <footprint>TestPoint:TestPoint_Pad_D1.5mm</footprint>
      <datasheet>~</datasheet>
      <libsource lib="Connector" part="TestPoint" description="test point"/>
      <sheetpath names="/MCU_PWR_IO/" tstamps="/63F23F40/"/>
      <tstamp>6124C065</tstamp>
    </comp>
    <comp ref="TP12">
      <value>+3.3V</value>
      <footprint>TestPoint:TestPoint_Pad_D1.5mm</footprint>
      <datasheet>~</datasheet>
      <libsource lib="Connector" part="TestPoint" description="test point"/>
      <sheetpath names="/MCU_PWR_IO/" tstamps="/63F23F40/"/>
      <tstamp>6125A944</tstamp>
    </comp>
    <comp ref="R88">
      <value>10K</value>
      <footprint>Resistor_SMD:R_0402_1005Metric_Pad0.72x0.64mm_HandSolder</footprint>
      <datasheet>~</datasheet>
      <libsource lib="Device" part="R_Small_US" description="Resistor, small US symbol"/>
      <sheetpath names="/MCU_PWR_IO/" tstamps="/63F23F40/"/>
      <tstamp>6166899F</tstamp>
    </comp>
    <comp ref="R87">
      <value>10K</value>
      <footprint>Resistor_SMD:R_0402_1005Metric_Pad0.72x0.64mm_HandSolder</footprint>
      <datasheet>~</datasheet>
      <libsource lib="Device" part="R_Small_US" description="Resistor, small US symbol"/>
      <sheetpath names="/MCU_PWR_IO/" tstamps="/63F23F40/"/>
      <tstamp>61669C0F</tstamp>
    </comp>
    <comp ref="JP1">
      <value>Jumper_NC_Small</value>
      <footprint>Connector_PinHeader_2.54mm:PinHeader_1x02_P2.54mm_Vertical</footprint>
      <datasheet>~</datasheet>
      <libsource lib="Device" part="Jumper_NC_Small" description="Jumper, normally closed, small symbol"/>
      <sheetpath names="/MCU_PWR_IO/" tstamps="/63F23F40/"/>
      <tstamp>61794068</tstamp>
    </comp>
    <comp ref="JP2">
      <value>Jumper_NO_Small</value>
      <footprint>Connector_PinHeader_2.54mm:PinHeader_1x02_P2.54mm_Vertical</footprint>
      <datasheet>~</datasheet>
      <libsource lib="Device" part="Jumper_NO_Small" description="Jumper, normally open, small symbol"/>
      <sheetpath names="/MCU_PWR_IO/" tstamps="/63F23F40/"/>
      <tstamp>617A8FAD</tstamp>
    </comp>
    <comp ref="R92">
      <value>10K</value>
      <footprint>Resistor_SMD:R_0402_1005Metric_Pad0.72x0.64mm_HandSolder</footprint>
      <datasheet>~</datasheet>
      <libsource lib="Device" part="R_Small_US" description="Resistor, small US symbol"/>
      <sheetpath names="/MCU_PWR_IO/" tstamps="/63F23F40/"/>
      <tstamp>624166C4</tstamp>
    </comp>
    <comp ref="J3">
      <value>Conn_01x03_Male</value>
      <footprint>Connector_PinHeader_2.54mm:PinHeader_1x03_P2.54mm_Vertical</footprint>
      <datasheet>~</datasheet>
      <libsource lib="Connector" part="Conn_01x03_Male" description="Generic connector, single row, 01x03, script generated (kicad-library-utils/schlib/autogen/connector/)"/>
      <sheetpath names="/MCU_PWR_IO/" tstamps="/63F23F40/"/>
      <tstamp>62E0F294</tstamp>
    </comp>
    <comp ref="D13">
      <value>LED_RED</value>
      <footprint>LED_SMD:LED_0603_1608Metric</footprint>
      <datasheet>~</datasheet>
      <libsource lib="Device" part="LED" description="Light emitting diode"/>
      <sheetpath names="/MCU_PWR_IO/" tstamps="/63F23F40/"/>
      <tstamp>62F6ED31</tstamp>
    </comp>
    <comp ref="R58">
      <value>4.7K</value>
      <footprint>Resistor_SMD:R_0402_1005Metric_Pad0.72x0.64mm_HandSolder</footprint>
      <datasheet>~</datasheet>
      <libsource lib="Device" part="R_Small_US" description="Resistor, small US symbol"/>
      <sheetpath names="/MCU_PWR_IO/" tstamps="/63F23F40/"/>
      <tstamp>62FB82C7</tstamp>
    </comp>
    <comp ref="J5">
      <value>Conn_01x03_Male</value>
      <footprint>Connector_PinHeader_2.54mm:PinHeader_1x03_P2.54mm_Vertical</footprint>
      <datasheet>~</datasheet>
      <libsource lib="Connector" part="Conn_01x03_Male" description="Generic connector, single row, 01x03, script generated (kicad-library-utils/schlib/autogen/connector/)"/>
      <sheetpath names="/MCU_PWR_IO/" tstamps="/63F23F40/"/>
      <tstamp>63051555</tstamp>
    </comp>
    <comp ref="R90">
      <value>100</value>
      <footprint>Resistor_SMD:R_0402_1005Metric_Pad0.72x0.64mm_HandSolder</footprint>
      <datasheet>~</datasheet>
      <fields>
        <field name="Loading">NL</field>
      </fields>
      <libsource lib="Device" part="R_Small_US" description="Resistor, small US symbol"/>
      <sheetpath names="/MCU_PWR_IO/" tstamps="/63F23F40/"/>
      <tstamp>613AB9AC</tstamp>
    </comp>
    <comp ref="D14">
      <value>LED_GREEN</value>
      <footprint>LED_SMD:LED_0603_1608Metric</footprint>
      <datasheet>~</datasheet>
      <libsource lib="Device" part="LED" description="Light emitting diode"/>
      <sheetpath names="/MCU_PWR_IO/" tstamps="/63F23F40/"/>
      <tstamp>60C9F1A3</tstamp>
    </comp>
    <comp ref="R60">
      <value>4.7K</value>
      <footprint>Resistor_SMD:R_0402_1005Metric_Pad0.72x0.64mm_HandSolder</footprint>
      <datasheet>~</datasheet>
      <libsource lib="Device" part="R_Small_US" description="Resistor, small US symbol"/>
      <sheetpath names="/MCU_PWR_IO/" tstamps="/63F23F40/"/>
      <tstamp>60C9F1AA</tstamp>
    </comp>
    <comp ref="J15">
      <value>Conn_02x01</value>
      <footprint>Connector_PinHeader_2.54mm:PinHeader_2x01_P2.54mm_Vertical</footprint>
      <datasheet>~</datasheet>
      <libsource lib="Connector_Generic" part="Conn_02x01" description="Generic connector, double row, 02x01, this symbol is compatible with counter-clockwise, top-bottom and odd-even numbering schemes., script generated (kicad-library-utils/schlib/autogen/connector/)"/>
      <sheetpath names="/MCU_PWR_IO/" tstamps="/63F23F40/"/>
      <tstamp>60CD8A44</tstamp>
    </comp>
    <comp ref="R93">
      <value>0</value>
      <footprint>Resistor_SMD:R_0402_1005Metric_Pad0.72x0.64mm_HandSolder</footprint>
      <datasheet>~</datasheet>
      <libsource lib="Device" part="R_Small_US" description="Resistor, small US symbol"/>
      <sheetpath names="/MCU_PWR_IO/" tstamps="/63F23F40/"/>
      <tstamp>60B5B221</tstamp>
    </comp>
    <comp ref="J7">
      <value>TC2050-IDC</value>
      <footprint>TC2050-IDC:TAG-CONNECT_TC2050-IDC</footprint>
      <fields>
        <field name="MF">Tag Connect</field>
        <field name="PARTREV">A</field>
        <field name="STANDARD">Manufacturer Recommendations</field>
      </fields>
      <libsource lib="TC2050-IDC" part="TC2050-IDC" description=""/>
      <sheetpath names="/MCU_PWR_IO/" tstamps="/63F23F40/"/>
      <tstamp>60B568BD</tstamp>
    </comp>
    <comp ref="SW6">
      <value>B3F-1000</value>
      <footprint>Button_Switch_SMD:SW_SPST_Omron_B3FS-100xP</footprint>
      <datasheet>https://omronfs.omron.com/en_US/ecb/products/pdf/en-b3f.pdf</datasheet>
      <fields>
        <field name="Category">Switches</field>
        <field name="DK_Datasheet_Link">https://omronfs.omron.com/en_US/ecb/products/pdf/en-b3f.pdf</field>
        <field name="DK_Detail_Page">/product-detail/en/omron-electronics-inc-emc-div/B3F-1000/SW400-ND/33150</field>
        <field name="Description">SWITCH TACTILE SPST-NO 0.05A 24V</field>
        <field name="Digi-Key_PN">SW400-ND</field>
        <field name="Family">Tactile Switches</field>
        <field name="MPN">B3F-1000</field>
        <field name="Manufacturer">Omron Electronics Inc-EMC Div</field>
        <field name="Status">Active</field>
      </fields>
      <libsource lib="dk_Tactile-Switches" part="B3F-1000" description="SWITCH TACTILE SPST-NO 0.05A 24V"/>
      <sheetpath names="/MCU_PWR_IO/" tstamps="/63F23F40/"/>
      <tstamp>60CD13E2</tstamp>
    </comp>
    <comp ref="J16">
      <value>Conn_02x06_Odd_Even</value>
      <footprint>Connector_PinHeader_2.54mm:PinHeader_2x06_P2.54mm_Horizontal</footprint>
      <datasheet>~</datasheet>
      <libsource lib="Connector_Generic" part="Conn_02x06_Odd_Even" description="Generic connector, double row, 02x06, odd/even pin numbering scheme (row 1 odd numbers, row 2 even numbers), script generated (kicad-library-utils/schlib/autogen/connector/)"/>
      <sheetpath names="/MCU_PWR_IO/" tstamps="/63F23F40/"/>
      <tstamp>60D86C99</tstamp>
    </comp>
  </components>
  <libparts>
    <libpart lib="74xx" part="74HC14">
      <aliases>
        <alias>74LS14</alias>
      </aliases>
      <description>Hex inverter schmitt trigger</description>
      <docs>http://www.ti.com/lit/gpn/sn74HC14</docs>
      <footprints>
        <fp>DIP*W7.62mm*</fp>
      </footprints>
      <fields>
        <field name="Reference">U</field>
        <field name="Value">74HC14</field>
      </fields>
      <pins>
        <pin num="1" name="~" type="input"/>
        <pin num="2" name="~" type="output"/>
        <pin num="3" name="~" type="input"/>
        <pin num="4" name="~" type="output"/>
        <pin num="5" name="~" type="input"/>
        <pin num="6" name="~" type="output"/>
        <pin num="7" name="GND" type="power_in"/>
        <pin num="8" name="~" type="output"/>
        <pin num="9" name="~" type="input"/>
        <pin num="10" name="~" type="output"/>
        <pin num="11" name="~" type="input"/>
        <pin num="12" name="~" type="output"/>
        <pin num="13" name="~" type="input"/>
        <pin num="14" name="VCC" type="power_in"/>
      </pins>
    </libpart>
    <libpart lib="Analog_ADC" part="ADS1015IDGS">
      <aliases>
        <alias>ADS1115IDGS</alias>
      </aliases>
      <description>Ultra-Small, Low-Power, I2C-Compatible, 3.3-kSPS, 12-Bit ADCs With Internal Reference, Oscillator, and Programmable Comparator, VSSOP-10</description>
      <docs>http://www.ti.com/lit/ds/symlink/ads1015.pdf</docs>
      <footprints>
        <fp>TSSOP*3x3mm*P0.5mm*</fp>
      </footprints>
      <fields>
        <field name="Reference">U</field>
        <field name="Value">ADS1015IDGS</field>
        <field name="Footprint">Package_SO:TSSOP-10_3x3mm_P0.5mm</field>
      </fields>
      <pins>
        <pin num="1" name="ADDR" type="input"/>
        <pin num="2" name="ALERT/RDY" type="output"/>
        <pin num="3" name="GND" type="power_in"/>
        <pin num="4" name="AIN0" type="input"/>
        <pin num="5" name="AIN1" type="input"/>
        <pin num="6" name="AIN2" type="input"/>
        <pin num="7" name="AIN3" type="input"/>
        <pin num="8" name="VDD" type="power_in"/>
        <pin num="9" name="SDA" type="BiDi"/>
        <pin num="10" name="SCL" type="input"/>
      </pins>
    </libpart>
    <libpart lib="Connector" part="Conn_01x03_Male">
      <description>Generic connector, single row, 01x03, script generated (kicad-library-utils/schlib/autogen/connector/)</description>
      <docs>~</docs>
      <footprints>
        <fp>Connector*:*_1x??_*</fp>
      </footprints>
      <fields>
        <field name="Reference">J</field>
        <field name="Value">Conn_01x03_Male</field>
      </fields>
      <pins>
        <pin num="1" name="Pin_1" type="passive"/>
        <pin num="2" name="Pin_2" type="passive"/>
        <pin num="3" name="Pin_3" type="passive"/>
      </pins>
    </libpart>
    <libpart lib="Connector" part="TestPoint">
      <description>test point</description>
      <docs>~</docs>
      <footprints>
        <fp>Pin*</fp>
        <fp>Test*</fp>
      </footprints>
      <fields>
        <field name="Reference">TP</field>
        <field name="Value">TestPoint</field>
      </fields>
      <pins>
        <pin num="1" name="1" type="passive"/>
      </pins>
    </libpart>
    <libpart lib="Connector" part="USB_B_Micro">
      <aliases>
        <alias>USB_B_Mini</alias>
      </aliases>
      <description>USB Micro Type B connector</description>
      <docs>~</docs>
      <footprints>
        <fp>USB*</fp>
      </footprints>
      <fields>
        <field name="Reference">J</field>
        <field name="Value">USB_B_Micro</field>
      </fields>
      <pins>
        <pin num="1" name="VBUS" type="power_out"/>
        <pin num="2" name="D-" type="BiDi"/>
        <pin num="3" name="D+" type="BiDi"/>
        <pin num="4" name="ID" type="passive"/>
        <pin num="5" name="GND" type="power_out"/>
        <pin num="6" name="Shield" type="passive"/>
      </pins>
    </libpart>
    <libpart lib="Connector_Generic" part="Conn_02x01">
      <description>Generic connector, double row, 02x01, this symbol is compatible with counter-clockwise, top-bottom and odd-even numbering schemes., script generated (kicad-library-utils/schlib/autogen/connector/)</description>
      <docs>~</docs>
      <footprints>
        <fp>Connector*:*_2x??_*</fp>
      </footprints>
      <fields>
        <field name="Reference">J</field>
        <field name="Value">Conn_02x01</field>
      </fields>
      <pins>
        <pin num="1" name="Pin_1" type="passive"/>
        <pin num="2" name="Pin_2" type="passive"/>
      </pins>
    </libpart>
    <libpart lib="Connector_Generic" part="Conn_02x04_Odd_Even">
      <description>Generic connector, double row, 02x04, odd/even pin numbering scheme (row 1 odd numbers, row 2 even numbers), script generated (kicad-library-utils/schlib/autogen/connector/)</description>
      <docs>~</docs>
      <footprints>
        <fp>Connector*:*_2x??_*</fp>
      </footprints>
      <fields>
        <field name="Reference">J</field>
        <field name="Value">Conn_02x04_Odd_Even</field>
      </fields>
      <pins>
        <pin num="1" name="Pin_1" type="passive"/>
        <pin num="2" name="Pin_2" type="passive"/>
        <pin num="3" name="Pin_3" type="passive"/>
        <pin num="4" name="Pin_4" type="passive"/>
        <pin num="5" name="Pin_5" type="passive"/>
        <pin num="6" name="Pin_6" type="passive"/>
        <pin num="7" name="Pin_7" type="passive"/>
        <pin num="8" name="Pin_8" type="passive"/>
      </pins>
    </libpart>
    <libpart lib="Connector_Generic" part="Conn_02x06_Odd_Even">
      <description>Generic connector, double row, 02x06, odd/even pin numbering scheme (row 1 odd numbers, row 2 even numbers), script generated (kicad-library-utils/schlib/autogen/connector/)</description>
      <docs>~</docs>
      <footprints>
        <fp>Connector*:*_2x??_*</fp>
      </footprints>
      <fields>
        <field name="Reference">J</field>
        <field name="Value">Conn_02x06_Odd_Even</field>
      </fields>
      <pins>
        <pin num="1" name="Pin_1" type="passive"/>
        <pin num="2" name="Pin_2" type="passive"/>
        <pin num="3" name="Pin_3" type="passive"/>
        <pin num="4" name="Pin_4" type="passive"/>
        <pin num="5" name="Pin_5" type="passive"/>
        <pin num="6" name="Pin_6" type="passive"/>
        <pin num="7" name="Pin_7" type="passive"/>
        <pin num="8" name="Pin_8" type="passive"/>
        <pin num="9" name="Pin_9" type="passive"/>
        <pin num="10" name="Pin_10" type="passive"/>
        <pin num="11" name="Pin_11" type="passive"/>
        <pin num="12" name="Pin_12" type="passive"/>
      </pins>
    </libpart>
    <libpart lib="Connector_Generic" part="Conn_02x07_Odd_Even">
      <description>Generic connector, double row, 02x07, odd/even pin numbering scheme (row 1 odd numbers, row 2 even numbers), script generated (kicad-library-utils/schlib/autogen/connector/)</description>
      <docs>~</docs>
      <footprints>
        <fp>Connector*:*_2x??_*</fp>
      </footprints>
      <fields>
        <field name="Reference">J</field>
        <field name="Value">Conn_02x07_Odd_Even</field>
      </fields>
      <pins>
        <pin num="1" name="Pin_1" type="passive"/>
        <pin num="2" name="Pin_2" type="passive"/>
        <pin num="3" name="Pin_3" type="passive"/>
        <pin num="4" name="Pin_4" type="passive"/>
        <pin num="5" name="Pin_5" type="passive"/>
        <pin num="6" name="Pin_6" type="passive"/>
        <pin num="7" name="Pin_7" type="passive"/>
        <pin num="8" name="Pin_8" type="passive"/>
        <pin num="9" name="Pin_9" type="passive"/>
        <pin num="10" name="Pin_10" type="passive"/>
        <pin num="11" name="Pin_11" type="passive"/>
        <pin num="12" name="Pin_12" type="passive"/>
        <pin num="13" name="Pin_13" type="passive"/>
        <pin num="14" name="Pin_14" type="passive"/>
      </pins>
    </libpart>
    <libpart lib="Connector_Generic" part="Conn_02x11_Odd_Even">
      <description>Generic connector, double row, 02x11, odd/even pin numbering scheme (row 1 odd numbers, row 2 even numbers), script generated (kicad-library-utils/schlib/autogen/connector/)</description>
      <docs>~</docs>
      <footprints>
        <fp>Connector*:*_2x??_*</fp>
      </footprints>
      <fields>
        <field name="Reference">J</field>
        <field name="Value">Conn_02x11_Odd_Even</field>
      </fields>
      <pins>
        <pin num="1" name="Pin_1" type="passive"/>
        <pin num="2" name="Pin_2" type="passive"/>
        <pin num="3" name="Pin_3" type="passive"/>
        <pin num="4" name="Pin_4" type="passive"/>
        <pin num="5" name="Pin_5" type="passive"/>
        <pin num="6" name="Pin_6" type="passive"/>
        <pin num="7" name="Pin_7" type="passive"/>
        <pin num="8" name="Pin_8" type="passive"/>
        <pin num="9" name="Pin_9" type="passive"/>
        <pin num="10" name="Pin_10" type="passive"/>
        <pin num="11" name="Pin_11" type="passive"/>
        <pin num="12" name="Pin_12" type="passive"/>
        <pin num="13" name="Pin_13" type="passive"/>
        <pin num="14" name="Pin_14" type="passive"/>
        <pin num="15" name="Pin_15" type="passive"/>
        <pin num="16" name="Pin_16" type="passive"/>
        <pin num="17" name="Pin_17" type="passive"/>
        <pin num="18" name="Pin_18" type="passive"/>
        <pin num="19" name="Pin_19" type="passive"/>
        <pin num="20" name="Pin_20" type="passive"/>
        <pin num="21" name="Pin_21" type="passive"/>
        <pin num="22" name="Pin_22" type="passive"/>
      </pins>
    </libpart>
    <libpart lib="Device" part="C_Small">
      <description>Unpolarized capacitor, small symbol</description>
      <docs>~</docs>
      <footprints>
        <fp>C_*</fp>
      </footprints>
      <fields>
        <field name="Reference">C</field>
        <field name="Value">C_Small</field>
      </fields>
      <pins>
        <pin num="1" name="~" type="passive"/>
        <pin num="2" name="~" type="passive"/>
      </pins>
    </libpart>
    <libpart lib="Device" part="Crystal_Small">
      <description>Two pin crystal, small symbol</description>
      <docs>~</docs>
      <footprints>
        <fp>Crystal*</fp>
      </footprints>
      <fields>
        <field name="Reference">Y</field>
        <field name="Value">Crystal_Small</field>
      </fields>
      <pins>
        <pin num="1" name="1" type="passive"/>
        <pin num="2" name="2" type="passive"/>
      </pins>
    </libpart>
    <libpart lib="Device" part="Ferrite_Bead_Small">
      <description>Ferrite bead, small symbol</description>
      <docs>~</docs>
      <footprints>
        <fp>Inductor_*</fp>
        <fp>L_*</fp>
        <fp>*Ferrite*</fp>
      </footprints>
      <fields>
        <field name="Reference">FB</field>
        <field name="Value">Ferrite_Bead_Small</field>
      </fields>
      <pins>
        <pin num="1" name="~" type="passive"/>
        <pin num="2" name="~" type="passive"/>
      </pins>
    </libpart>
    <libpart lib="Device" part="Jumper_NC_Small">
      <description>Jumper, normally closed, small symbol</description>
      <docs>~</docs>
      <footprints>
        <fp>SolderJumper*Bridged*</fp>
        <fp>Jumper*</fp>
        <fp>TestPoint*2Pads*</fp>
        <fp>TestPoint*Bridge*</fp>
      </footprints>
      <fields>
        <field name="Reference">JP</field>
        <field name="Value">Jumper_NC_Small</field>
      </fields>
      <pins>
        <pin num="1" name="1" type="passive"/>
        <pin num="2" name="2" type="passive"/>
      </pins>
    </libpart>
    <libpart lib="Device" part="Jumper_NO_Small">
      <description>Jumper, normally open, small symbol</description>
      <docs>~</docs>
      <footprints>
        <fp>SolderJumper*Open*</fp>
        <fp>Jumper*</fp>
        <fp>TestPoint*2Pads*</fp>
        <fp>TestPoint*Bridge*</fp>
      </footprints>
      <fields>
        <field name="Reference">JP</field>
        <field name="Value">Jumper_NO_Small</field>
      </fields>
      <pins>
        <pin num="1" name="1" type="passive"/>
        <pin num="2" name="2" type="passive"/>
      </pins>
    </libpart>
    <libpart lib="Device" part="LED">
      <description>Light emitting diode</description>
      <docs>~</docs>
      <footprints>
        <fp>LED*</fp>
        <fp>LED_SMD:*</fp>
        <fp>LED_THT:*</fp>
      </footprints>
      <fields>
        <field name="Reference">D</field>
        <field name="Value">LED</field>
      </fields>
      <pins>
        <pin num="1" name="K" type="passive"/>
        <pin num="2" name="A" type="passive"/>
      </pins>
    </libpart>
    <libpart lib="Device" part="R_Small_US">
      <description>Resistor, small US symbol</description>
      <docs>~</docs>
      <footprints>
        <fp>R_*</fp>
      </footprints>
      <fields>
        <field name="Reference">R</field>
        <field name="Value">R_Small_US</field>
      </fields>
      <pins>
        <pin num="1" name="~" type="passive"/>
        <pin num="2" name="~" type="passive"/>
      </pins>
    </libpart>
    <libpart lib="Mechanical" part="MountingHole_Pad">
      <description>Mounting Hole with connection</description>
      <docs>~</docs>
      <footprints>
        <fp>MountingHole*Pad*</fp>
      </footprints>
      <fields>
        <field name="Reference">H</field>
        <field name="Value">MountingHole_Pad</field>
      </fields>
      <pins>
        <pin num="1" name="1" type="input"/>
      </pins>
    </libpart>
    <libpart lib="Power_Protection" part="TVS0500DRV">
      <aliases>
        <alias>TVS1400DRV</alias>
        <alias>TVS1800DRV</alias>
        <alias>TVS2200DRV</alias>
        <alias>TVS2700DRV</alias>
        <alias>TVS3300DRV</alias>
      </aliases>
      <description>Flat-Clamp Surge Protection Device. 5Vrwm, WSON-6</description>
      <docs>http://www.ti.com/lit/ds/symlink/tvs0500.pdf</docs>
      <footprints>
        <fp>WSON*1EP*2x2mm*P0.65mm*EP1x1.6mm*</fp>
      </footprints>
      <fields>
        <field name="Reference">U</field>
        <field name="Value">TVS0500DRV</field>
        <field name="Footprint">Package_SON:WSON-6-1EP_2x2mm_P0.65mm_EP1x1.6mm</field>
      </fields>
      <pins>
        <pin num="1" name="GND" type="power_in"/>
        <pin num="2" name="GND" type="power_in"/>
        <pin num="3" name="GND" type="power_in"/>
        <pin num="4" name="IN" type="passive"/>
        <pin num="5" name="IN" type="passive"/>
        <pin num="6" name="IN" type="passive"/>
        <pin num="7" name="GND" type="power_in"/>
      </pins>
    </libpart>
    <libpart lib="Regulator_Linear" part="TPS73625DBV">
      <aliases>
        <alias>TPS73633DBV</alias>
        <alias>TPS73615DBV</alias>
        <alias>TPS736125DBV</alias>
        <alias>TPS73616DBV</alias>
        <alias>TPS73618DBV</alias>
        <alias>TPS73619DBV</alias>
        <alias>TPS73630DBV</alias>
        <alias>TPS73632DBV</alias>
        <alias>TPS73643DBV</alias>
        <alias>TPS731125DBV</alias>
        <alias>TPS73115DBV</alias>
        <alias>TPS73118DBV</alias>
        <alias>TPS73125DBV</alias>
        <alias>TPS73131DBV</alias>
        <alias>TPS73130DBV</alias>
        <alias>TPS73132DBV</alias>
        <alias>TPS73133DBV</alias>
        <alias>TPS73150DBV</alias>
        <alias>TPS730285DBV</alias>
        <alias>TPS73018DBV</alias>
      </aliases>
      <description>Cap free NMOS 400mA Low Drop 2.5V Regulator, SOT-23-5</description>
      <docs>http://www.ti.com/lit/ds/symlink/tps736.pdf</docs>
      <footprints>
        <fp>SOT?23*</fp>
      </footprints>
      <fields>
        <field name="Reference">U</field>
        <field name="Value">TPS73625DBV</field>
        <field name="Footprint">Package_TO_SOT_SMD:SOT-23-5</field>
      </fields>
      <pins>
        <pin num="1" name="IN" type="power_in"/>
        <pin num="2" name="GND" type="power_in"/>
        <pin num="3" name="EN" type="input"/>
        <pin num="4" name="NR" type="passive"/>
        <pin num="5" name="OUT" type="power_out"/>
      </pins>
    </libpart>
    <libpart lib="TC2050-IDC" part="TC2050-IDC">
      <fields>
        <field name="Reference">J</field>
        <field name="Value">TC2050-IDC</field>
        <field name="Footprint">TAG-CONNECT_TC2050-IDC</field>
        <field name="MF">Tag Connect</field>
        <field name="STANDARD">Manufacturer Recommendations</field>
        <field name="PARTREV">A</field>
      </fields>
      <pins>
        <pin num="1" name="1" type="passive"/>
        <pin num="2" name="2" type="passive"/>
        <pin num="3" name="3" type="passive"/>
        <pin num="4" name="4" type="passive"/>
        <pin num="5" name="5" type="passive"/>
        <pin num="6" name="6" type="passive"/>
        <pin num="7" name="7" type="passive"/>
        <pin num="8" name="8" type="passive"/>
        <pin num="9" name="9" type="passive"/>
        <pin num="10" name="10" type="passive"/>
      </pins>
    </libpart>
    <libpart lib="dk_Tactile-Switches" part="B3F-1000">
      <description>SWITCH TACTILE SPST-NO 0.05A 24V</description>
      <docs>https://omronfs.omron.com/en_US/ecb/products/pdf/en-b3f.pdf</docs>
      <fields>
        <field name="Reference">S</field>
        <field name="Value">B3F-1000</field>
        <field name="Footprint">digikey-footprints:Switch_Tactile_THT_B3F-1xxx</field>
        <field name="Datasheet">https://omronfs.omron.com/en_US/ecb/products/pdf/en-b3f.pdf</field>
        <field name="Digi-Key_PN">SW400-ND</field>
        <field name="MPN">B3F-1000</field>
        <field name="Category">Switches</field>
        <field name="Family">Tactile Switches</field>
        <field name="DK_Datasheet_Link">https://omronfs.omron.com/en_US/ecb/products/pdf/en-b3f.pdf</field>
        <field name="DK_Detail_Page">/product-detail/en/omron-electronics-inc-emc-div/B3F-1000/SW400-ND/33150</field>
        <field name="Description">SWITCH TACTILE SPST-NO 0.05A 24V</field>
        <field name="Manufacturer">Omron Electronics Inc-EMC Div</field>
        <field name="Status">Active</field>
      </fields>
      <pins>
        <pin num="1" name="~" type="passive"/>
        <pin num="2" name="~" type="passive"/>
        <pin num="3" name="~" type="passive"/>
        <pin num="4" name="~" type="passive"/>
      </pins>
    </libpart>
    <libpart lib="tm4c" part="LM4F110B2QR">
      <aliases>
        <alias>TM4C1231D5PM</alias>
        <alias>LM4F110C4QR</alias>
        <alias>TM4C1231E6PM</alias>
        <alias>LM4F110E5QR</alias>
        <alias>TM4C1231H6PM</alias>
        <alias>LM4F110H5QR</alias>
        <alias>TM4C123GH6PM</alias>
      </aliases>
      <footprints>
        <fp>LQFP-64*</fp>
      </footprints>
      <fields>
        <field name="Reference">U</field>
        <field name="Value">LM4F110B2QR</field>
        <field name="Footprint">LQFP-64</field>
      </fields>
      <pins>
        <pin num="1" name="SSI2RX/T0CCP0/PB6" type="BiDi"/>
        <pin num="2" name="VDDA" type="power_in"/>
        <pin num="3" name="GNDA" type="power_in"/>
        <pin num="4" name="SSI2TX/T0CCP1/PB7" type="BiDi"/>
        <pin num="5" name="PF4/T2CCP0" type="BiDi"/>
        <pin num="6" name="PE3/AIN0" type="BiDi"/>
        <pin num="7" name="PE2/AIN1" type="BiDi"/>
        <pin num="8" name="PE1/AIN2/U7TX" type="BiDi"/>
        <pin num="9" name="PE0/AIN3/U7RX" type="BiDi"/>
        <pin num="10" name="NMI/U2TX/WT5CCP1/PD7" type="BiDi"/>
        <pin num="11" name="VDD" type="power_in"/>
        <pin num="12" name="GND" type="power_in"/>
        <pin num="13" name="C0-/U3TX/WT1CCP1/PC7" type="BiDi"/>
        <pin num="14" name="C0+/U3RX/WT1CCP0/PC6" type="BiDi"/>
        <pin num="15" name="C1+/U1CTS/U1TX/U4TX/WT0CCP1/PC5" type="BiDi"/>
        <pin num="16" name="C1-/U1RTS/U1RX/U4RX/WT0CCP0/PC4" type="BiDi"/>
        <pin num="17" name="U0RX/PA0" type="BiDi"/>
        <pin num="18" name="U0TX/PA1" type="BiDi"/>
        <pin num="19" name="SSI0CLK/PA2" type="BiDi"/>
        <pin num="20" name="SSI0FSS/PA3" type="BiDi"/>
        <pin num="21" name="SSI0RX/PA4" type="BiDi"/>
        <pin num="22" name="SSI0TX/PA5" type="BiDi"/>
        <pin num="23" name="I2C1SCL/PA6" type="BiDi"/>
        <pin num="24" name="I2C1SDA/PA7" type="BiDi"/>
        <pin num="25" name="VDDC" type="passive"/>
        <pin num="26" name="VDD" type="power_in"/>
        <pin num="27" name="GND" type="power_in"/>
        <pin num="28" name="PF0/T0CCP0/SSI1RX/U1RTS/CAN0RX/C0O/MNI" type="BiDi"/>
        <pin num="29" name="PF1/T0CCP1/SSI1TX/U1CTS/C1O/TRD1" type="BiDi"/>
        <pin num="30" name="PF2/T1CCP0/SSI1CLK/TRD0" type="BiDi"/>
        <pin num="31" name="PF3/T1CCP1/SSI1FSS/CAN0TX/TRCLK" type="BiDi"/>
        <pin num="32" name="~WAKE~" type="input"/>
        <pin num="33" name="~HIB~" type="openCol"/>
        <pin num="34" name="XOSC0" type="passive"/>
        <pin num="35" name="GNDX" type="passive"/>
        <pin num="36" name="XOSC1" type="passive"/>
        <pin num="37" name="VBAT" type="passive"/>
        <pin num="38" name="~RST~" type="input"/>
        <pin num="39" name="GND" type="power_in"/>
        <pin num="40" name="OSC0" type="passive"/>
        <pin num="41" name="OSC1" type="passive"/>
        <pin num="42" name="VDD" type="power_in"/>
        <pin num="43" name="U6RX/WT4CCP0/PD4" type="BiDi"/>
        <pin num="44" name="U6TX/WT4CCP1/PD5" type="BiDi"/>
        <pin num="45" name="U1RX/T2CCP0/PB0" type="BiDi"/>
        <pin num="46" name="U1TX/T2CCP1/PB1" type="BiDi"/>
        <pin num="47" name="I2C0SCL/T3CCP0/PB2" type="BiDi"/>
        <pin num="48" name="I2C0SDA/T3CCP1/PB3" type="BiDi"/>
        <pin num="49" name="TDO/SWO/T5CCP1/PC3" type="BiDi"/>
        <pin num="50" name="TDI/T5CCP0/PC2" type="BiDi"/>
        <pin num="51" name="TMS/SWDIO/T4CCP1/PC1" type="BiDi"/>
        <pin num="52" name="TCK/SWCLK/T4CCP0/PC0" type="BiDi"/>
        <pin num="53" name="U2RX/WT5CCP0/PD6" type="BiDi"/>
        <pin num="54" name="VDD" type="power_in"/>
        <pin num="55" name="GND" type="power_in"/>
        <pin num="56" name="VDDC" type="passive"/>
        <pin num="57" name="AIN11/CAN0TX/SSI2FSS/T1CCP1/PB5" type="BiDi"/>
        <pin num="58" name="AIN10/CAN0RX/SSI2CLK/T1CCP0/PB4" type="BiDi"/>
        <pin num="59" name="PE4/AIN9/U5RX/I2C2SCL/CAN0RX" type="BiDi"/>
        <pin num="60" name="PE5/AIN8/U5TX/I2C2SDA/CAN0TX" type="BiDi"/>
        <pin num="61" name="AIN7/I2C3SCL/SSI1CLK/SSI3CLK/WT2CCP0/PD0" type="BiDi"/>
        <pin num="62" name="AIN6/I2C3SDA/SSI1FSS/SSI3FSS/WT2CCP1/PD1" type="BiDi"/>
        <pin num="63" name="AIN5/SSI1RX/SSI3RX/WT3CCP0/PD2" type="BiDi"/>
        <pin num="64" name="AIN4/SSI1TX/SSI3TX/WT3CCP1/PD3" type="BiDi"/>
      </pins>
    </libpart>
  </libparts>
  <libraries>
    <library logical="74xx">
      <uri>C:\Program Files\KiCad\share\kicad\library/74xx.lib</uri>
    </library>
    <library logical="Analog_ADC">
      <uri>C:\Program Files\KiCad\share\kicad\library/Analog_ADC.lib</uri>
    </library>
    <library logical="Connector">
      <uri>C:\Program Files\KiCad\share\kicad\library/Connector.lib</uri>
    </library>
    <library logical="Connector_Generic">
      <uri>C:\Program Files\KiCad\share\kicad\library/Connector_Generic.lib</uri>
    </library>
    <library logical="Device">
      <uri>C:\Program Files\KiCad\share\kicad\library/Device.lib</uri>
    </library>
    <library logical="Mechanical">
      <uri>C:\Program Files\KiCad\share\kicad\library/Mechanical.lib</uri>
    </library>
    <library logical="Power_Protection">
      <uri>C:\Program Files\KiCad\share\kicad\library/Power_Protection.lib</uri>
    </library>
    <library logical="Regulator_Linear">
      <uri>C:\Program Files\KiCad\share\kicad\library/Regulator_Linear.lib</uri>
    </library>
    <library logical="TC2050-IDC">
      <uri>C:/Users/avenugop/GoogleDrive/KiCad_Digikey/TC2050-IDC/TC2050-IDC.lib</uri>
    </library>
    <library logical="dk_Tactile-Switches">
      <uri>C:/Users/avenugop/GoogleDrive/KiCad_Digikey/digikey-kicad-library-master/digikey-symbols/dk_Tactile-Switches.lib</uri>
    </library>
    <library logical="tm4c">
      <uri>C:/Users/avenugop/GoogleDrive/Stephan_LED_MCU/Design/tm4c.lib</uri>
    </library>
  </libraries>
  <nets>
    <net code="1" name="LOOP1">
      <node ref="U5" pin="21"/>
      <node ref="R14" pin="1"/>
      <node ref="U1" pin="4"/>
    </net>
    <net code="2" name="GND">
      <node ref="C16" pin="2"/>
      <node ref="C28" pin="2"/>
      <node ref="C7" pin="2"/>
      <node ref="C32" pin="2"/>
      <node ref="J5" pin="3"/>
      <node ref="C13" pin="2"/>
      <node ref="C25" pin="2"/>
      <node ref="U2" pin="3"/>
      <node ref="R51" pin="2"/>
      <node ref="U7" pin="7"/>
      <node ref="U7" pin="3"/>
      <node ref="U7" pin="2"/>
      <node ref="U7" pin="1"/>
      <node ref="R58" pin="2"/>
      <node ref="J3" pin="3"/>
      <node ref="J2" pin="21"/>
      <node ref="J2" pin="22"/>
      <node ref="J2" pin="8"/>
      <node ref="C31" pin="2"/>
      <node ref="U8" pin="3"/>
      <node ref="C34" pin="2"/>
      <node ref="C33" pin="2"/>
      <node ref="H4" pin="1"/>
      <node ref="C24" pin="2"/>
      <node ref="U3" pin="3"/>
      <node ref="R53" pin="2"/>
      <node ref="U1" pin="7"/>
      <node ref="SW6" pin="1"/>
      <node ref="C1" pin="2"/>
      <node ref="J14" pin="8"/>
      <node ref="J14" pin="7"/>
      <node ref="C9" pin="2"/>
      <node ref="C11" pin="2"/>
      <node ref="U5" pin="39"/>
      <node ref="U5" pin="3"/>
      <node ref="U5" pin="12"/>
      <node ref="C14" pin="2"/>
      <node ref="U5" pin="27"/>
      <node ref="C21" pin="2"/>
      <node ref="C23" pin="2"/>
      <node ref="C5" pin="2"/>
      <node ref="C6" pin="2"/>
      <node ref="C4" pin="2"/>
      <node ref="U6" pin="2"/>
      <node ref="C27" pin="2"/>
      <node ref="J8" pin="6"/>
      <node ref="J8" pin="5"/>
      <node ref="C26" pin="2"/>
      <node ref="D15" pin="1"/>
      <node ref="U5" pin="55"/>
      <node ref="C3" pin="2"/>
      <node ref="C2" pin="2"/>
      <node ref="R56" pin="2"/>
      <node ref="C12" pin="2"/>
      <node ref="J15" pin="2"/>
      <node ref="R60" pin="2"/>
      <node ref="J16" pin="12"/>
      <node ref="J16" pin="11"/>
      <node ref="J7" pin="9"/>
      <node ref="J7" pin="5"/>
      <node ref="J7" pin="3"/>
      <node ref="SW6" pin="2"/>
      <node ref="C18" pin="2"/>
      <node ref="C17" pin="2"/>
      <node ref="C15" pin="2"/>
      <node ref="C19" pin="2"/>
      <node ref="H3" pin="1"/>
      <node ref="H2" pin="1"/>
      <node ref="H1" pin="1"/>
      <node ref="U4" pin="7"/>
      <node ref="H6" pin="1"/>
      <node ref="H5" pin="1"/>
      <node ref="J1" pin="8"/>
      <node ref="J1" pin="7"/>
      <node ref="J1" pin="14"/>
      <node ref="C30" pin="2"/>
      <node ref="J1" pin="13"/>
      <node ref="C20" pin="2"/>
      <node ref="C22" pin="2"/>
      <node ref="C29" pin="2"/>
    </net>
    <net code="3" name="EFFECT">
      <node ref="U5" pin="10"/>
      <node ref="U1" pin="8"/>
      <node ref="R35" pin="1"/>
    </net>
    <net code="4" name="LOOP7">
      <node ref="U5" pin="58"/>
      <node ref="R32" pin="1"/>
      <node ref="U4" pin="12"/>
    </net>
    <net code="5" name="LOOP6">
      <node ref="U5" pin="53"/>
      <node ref="U4" pin="10"/>
      <node ref="R31" pin="1"/>
    </net>
    <net code="6" name="LOOP5">
      <node ref="R30" pin="1"/>
      <node ref="U4" pin="4"/>
      <node ref="U5" pin="48"/>
    </net>
    <net code="7" name="LOOP4">
      <node ref="U4" pin="2"/>
      <node ref="U5" pin="13"/>
      <node ref="R29" pin="1"/>
    </net>
    <net code="8" name="LOOP3">
      <node ref="R16" pin="1"/>
      <node ref="U5" pin="14"/>
      <node ref="U1" pin="12"/>
    </net>
    <net code="9" name="LOOP2">
      <node ref="R15" pin="1"/>
      <node ref="U5" pin="20"/>
      <node ref="U1" pin="10"/>
    </net>
    <net code="10" name="LOOP0">
      <node ref="R13" pin="1"/>
      <node ref="U1" pin="2"/>
      <node ref="U5" pin="22"/>
    </net>
    <net code="11" name="LED7">
      <node ref="U5" pin="1"/>
      <node ref="R20" pin="1"/>
    </net>
    <net code="12" name="LED6">
      <node ref="R19" pin="1"/>
      <node ref="U5" pin="4"/>
    </net>
    <net code="13" name="LED5">
      <node ref="U5" pin="5"/>
      <node ref="R18" pin="1"/>
    </net>
    <net code="14" name="LED4">
      <node ref="R17" pin="1"/>
      <node ref="U5" pin="60"/>
    </net>
    <net code="15" name="LED3">
      <node ref="U5" pin="57"/>
      <node ref="R4" pin="1"/>
    </net>
    <net code="16" name="LED2">
      <node ref="R3" pin="1"/>
      <node ref="U5" pin="30"/>
    </net>
    <net code="17" name="LED1">
      <node ref="R2" pin="1"/>
      <node ref="U5" pin="28"/>
    </net>
    <net code="18" name="LED0">
      <node ref="R1" pin="1"/>
      <node ref="U5" pin="19"/>
    </net>
    <net code="19" name="+3V3">
      <node ref="J1" pin="2"/>
      <node ref="R55" pin="1"/>
      <node ref="U5" pin="54"/>
      <node ref="R6" pin="1"/>
      <node ref="R24" pin="1"/>
      <node ref="U3" pin="8"/>
      <node ref="U1" pin="14"/>
      <node ref="U5" pin="42"/>
      <node ref="FB1" pin="1"/>
      <node ref="R23" pin="1"/>
      <node ref="C31" pin="1"/>
      <node ref="U5" pin="26"/>
      <node ref="C23" pin="1"/>
      <node ref="J14" pin="1"/>
      <node ref="J14" pin="2"/>
      <node ref="R91" pin="1"/>
      <node ref="C21" pin="1"/>
      <node ref="C3" pin="1"/>
      <node ref="R92" pin="1"/>
      <node ref="R52" pin="1"/>
      <node ref="R7" pin="1"/>
      <node ref="U5" pin="11"/>
      <node ref="J16" pin="2"/>
      <node ref="C2" pin="1"/>
      <node ref="J16" pin="1"/>
      <node ref="R33" pin="1"/>
      <node ref="R87" pin="1"/>
      <node ref="TP12" pin="1"/>
      <node ref="U8" pin="8"/>
      <node ref="C25" pin="1"/>
      <node ref="C19" pin="1"/>
      <node ref="R50" pin="1"/>
      <node ref="C18" pin="1"/>
      <node ref="C17" pin="1"/>
      <node ref="U2" pin="8"/>
      <node ref="C15" pin="1"/>
      <node ref="R54" pin="1"/>
      <node ref="R76" pin="1"/>
      <node ref="R49" pin="1"/>
      <node ref="C34" pin="1"/>
      <node ref="R8" pin="1"/>
      <node ref="TP7" pin="1"/>
      <node ref="R5" pin="1"/>
      <node ref="C33" pin="1"/>
      <node ref="R88" pin="1"/>
      <node ref="R22" pin="1"/>
      <node ref="J1" pin="1"/>
      <node ref="R93" pin="2"/>
      <node ref="U4" pin="14"/>
      <node ref="C24" pin="1"/>
      <node ref="U6" pin="5"/>
      <node ref="R21" pin="1"/>
    </net>
    <net code="20" name="I2C_SDA">
      <node ref="R37" pin="2"/>
      <node ref="U8" pin="9"/>
      <node ref="R54" pin="2"/>
      <node ref="U3" pin="9"/>
      <node ref="U2" pin="9"/>
      <node ref="U5" pin="24"/>
    </net>
    <net code="21" name="I2C_SCL">
      <node ref="U3" pin="10"/>
      <node ref="U2" pin="10"/>
      <node ref="U8" pin="10"/>
      <node ref="U5" pin="23"/>
      <node ref="R36" pin="1"/>
      <node ref="R49" pin="2"/>
    </net>
    <net code="22" name="+5V">
      <node ref="J2" pin="1"/>
      <node ref="FB2" pin="1"/>
      <node ref="TP11" pin="1"/>
      <node ref="J2" pin="2"/>
    </net>
    <net code="23" name="ADC1_IN0">
      <node ref="J1" pin="9"/>
      <node ref="U3" pin="7"/>
    </net>
    <net code="24" name="ADC0_IN2">
      <node ref="U2" pin="4"/>
      <node ref="J1" pin="5"/>
    </net>
    <net code="25" name="ADC1_IN2">
      <node ref="U3" pin="4"/>
      <node ref="J1" pin="11"/>
    </net>
    <net code="26" name="ADC0_IN3">
      <node ref="U2" pin="5"/>
      <node ref="J1" pin="6"/>
    </net>
    <net code="27" name="ADC1_IN1">
      <node ref="J1" pin="10"/>
      <node ref="U3" pin="6"/>
    </net>
    <net code="28" name="ADC1_IN3">
      <node ref="U3" pin="5"/>
      <node ref="J1" pin="12"/>
    </net>
    <net code="29" name="Net-(C30-Pad1)">
      <node ref="U1" pin="9"/>
      <node ref="C30" pin="1"/>
      <node ref="R34" pin="1"/>
      <node ref="R35" pin="2"/>
    </net>
    <net code="30" name="Net-(C22-Pad1)">
      <node ref="R31" pin="2"/>
      <node ref="C22" pin="1"/>
      <node ref="R27" pin="1"/>
      <node ref="U4" pin="11"/>
    </net>
    <net code="31" name="LOOP_SW6">
      <node ref="R27" pin="2"/>
      <node ref="R23" pin="2"/>
      <node ref="J2" pin="17"/>
    </net>
    <net code="32" name="LED_EXT_5">
      <node ref="R18" pin="2"/>
      <node ref="J2" pin="16"/>
    </net>
    <net code="33" name="LED_EXT_7">
      <node ref="J2" pin="20"/>
      <node ref="R20" pin="2"/>
    </net>
    <net code="34" name="LED_EXT_6">
      <node ref="J2" pin="18"/>
      <node ref="R19" pin="2"/>
    </net>
    <net code="35" name="LOOP_SW7">
      <node ref="R24" pin="2"/>
      <node ref="J2" pin="19"/>
      <node ref="R28" pin="2"/>
    </net>
    <net code="36" name="Net-(C29-Pad1)">
      <node ref="R32" pin="2"/>
      <node ref="R28" pin="1"/>
      <node ref="U4" pin="13"/>
      <node ref="C29" pin="1"/>
    </net>
    <net code="37" name="ADC0_IN0">
      <node ref="J1" pin="3"/>
      <node ref="U2" pin="7"/>
    </net>
    <net code="38" name="LED_EXT_2">
      <node ref="R3" pin="2"/>
      <node ref="J2" pin="10"/>
    </net>
    <net code="39" name="LOOP_SW4">
      <node ref="J2" pin="13"/>
      <node ref="R25" pin="2"/>
      <node ref="R21" pin="2"/>
    </net>
    <net code="40" name="LED_EXT_4">
      <node ref="R17" pin="2"/>
      <node ref="J2" pin="14"/>
    </net>
    <net code="41" name="LOOP_SW3">
      <node ref="R8" pin="2"/>
      <node ref="R12" pin="2"/>
      <node ref="J2" pin="11"/>
    </net>
    <net code="42" name="LOOP_SW0">
      <node ref="R5" pin="2"/>
      <node ref="R9" pin="2"/>
      <node ref="J2" pin="3"/>
    </net>
    <net code="43" name="LOOP_SW2">
      <node ref="R7" pin="2"/>
      <node ref="J2" pin="9"/>
      <node ref="R11" pin="2"/>
    </net>
    <net code="44" name="EFFECT_SW">
      <node ref="R33" pin="2"/>
      <node ref="R34" pin="2"/>
      <node ref="J2" pin="7"/>
    </net>
    <net code="45" name="ADC2_IN0">
      <node ref="U8" pin="4"/>
      <node ref="J14" pin="5"/>
    </net>
    <net code="46" name="ADC2_IN1">
      <node ref="U8" pin="5"/>
      <node ref="J14" pin="6"/>
    </net>
    <net code="47" name="ADC2_IN2">
      <node ref="J14" pin="4"/>
      <node ref="U8" pin="6"/>
    </net>
    <net code="48" name="ADC2_IN3">
      <node ref="J14" pin="3"/>
      <node ref="U8" pin="7"/>
    </net>
    <net code="49" name="Net-(R36-Pad2)">
      <node ref="U8" pin="1"/>
      <node ref="R37" pin="1"/>
      <node ref="R36" pin="2"/>
    </net>
    <net code="50" name="Net-(TP9-Pad1)">
      <node ref="U8" pin="2"/>
      <node ref="TP9" pin="1"/>
    </net>
    <net code="51" name="ADC0_IN1">
      <node ref="U2" pin="6"/>
      <node ref="J1" pin="4"/>
    </net>
    <net code="52" name="Net-(R50-Pad2)">
      <node ref="U2" pin="1"/>
      <node ref="R51" pin="1"/>
      <node ref="R50" pin="2"/>
    </net>
    <net code="53" name="Net-(TP5-Pad1)">
      <node ref="U3" pin="2"/>
      <node ref="TP5" pin="1"/>
    </net>
    <net code="54" name="Net-(TP10-Pad1)">
      <node ref="U2" pin="2"/>
      <node ref="TP10" pin="1"/>
    </net>
    <net code="55" name="Net-(C1-Pad1)">
      <node ref="U1" pin="1"/>
      <node ref="R9" pin="1"/>
      <node ref="C1" pin="1"/>
      <node ref="R13" pin="2"/>
    </net>
    <net code="56" name="Net-(R52-Pad2)">
      <node ref="R53" pin="1"/>
      <node ref="R52" pin="2"/>
      <node ref="U3" pin="1"/>
    </net>
    <net code="57" name="LED_EXT_3">
      <node ref="R4" pin="2"/>
      <node ref="J2" pin="12"/>
    </net>
    <net code="58" name="Net-(C13-Pad1)">
      <node ref="U1" pin="13"/>
      <node ref="C13" pin="1"/>
      <node ref="R12" pin="1"/>
      <node ref="R16" pin="2"/>
    </net>
    <net code="59" name="LOOP_SW5">
      <node ref="R26" pin="2"/>
      <node ref="J2" pin="15"/>
      <node ref="R22" pin="2"/>
    </net>
    <net code="60" name="Net-(C20-Pad1)">
      <node ref="U4" pin="3"/>
      <node ref="C20" pin="1"/>
      <node ref="R26" pin="1"/>
      <node ref="R30" pin="2"/>
    </net>
    <net code="61" name="Net-(C16-Pad1)">
      <node ref="U4" pin="1"/>
      <node ref="R25" pin="1"/>
      <node ref="R29" pin="2"/>
      <node ref="C16" pin="1"/>
    </net>
    <net code="62" name="LED_EXT_0">
      <node ref="J2" pin="4"/>
      <node ref="R1" pin="2"/>
    </net>
    <net code="63" name="Net-(C7-Pad1)">
      <node ref="C7" pin="1"/>
      <node ref="R15" pin="2"/>
      <node ref="R11" pin="1"/>
      <node ref="U1" pin="11"/>
    </net>
    <net code="64" name="LED_EXT_1">
      <node ref="R2" pin="2"/>
      <node ref="J2" pin="6"/>
    </net>
    <net code="65" name="LOOP_SW1">
      <node ref="R10" pin="2"/>
      <node ref="R6" pin="2"/>
      <node ref="J2" pin="5"/>
    </net>
    <net code="66" name="Net-(C32-Pad1)">
      <node ref="C32" pin="1"/>
      <node ref="U1" pin="3"/>
      <node ref="R14" pin="2"/>
      <node ref="R10" pin="1"/>
    </net>
    <net code="67" name="BOARD_ID">
      <node ref="R92" pin="2"/>
      <node ref="U5" pin="47"/>
    </net>
    <net code="68" name="UART0_RX">
      <node ref="J3" pin="1"/>
      <node ref="U5" pin="17"/>
    </net>
    <net code="69" name="UART0_TX">
      <node ref="U5" pin="18"/>
      <node ref="J3" pin="2"/>
    </net>
    <net code="70" name="RST_N">
      <node ref="JP1" pin="2"/>
      <node ref="JP2" pin="2"/>
      <node ref="U5" pin="38"/>
    </net>
    <net code="71" name="UART1_RX">
      <node ref="U5" pin="16"/>
      <node ref="J5" pin="1"/>
    </net>
    <net code="72" name="UART1_TX">
      <node ref="U5" pin="15"/>
      <node ref="J5" pin="2"/>
    </net>
    <net code="73" name="USB_ID">
      <node ref="R90" pin="2"/>
      <node ref="U5" pin="45"/>
    </net>
    <net code="74" name="Net-(J8-Pad4)">
      <node ref="R90" pin="1"/>
      <node ref="J8" pin="4"/>
    </net>
    <net code="75" name="Net-(D13-Pad1)">
      <node ref="R58" pin="1"/>
      <node ref="D13" pin="1"/>
    </net>
    <net code="76" name="/MCU_PWR_IO/RED_LED">
      <node ref="U5" pin="29"/>
      <node ref="D13" pin="2"/>
    </net>
    <net code="77" name="AIN1">
      <node ref="J16" pin="3"/>
      <node ref="U5" pin="7"/>
    </net>
    <net code="78" name="AIN0">
      <node ref="U5" pin="6"/>
      <node ref="J16" pin="4"/>
    </net>
    <net code="79" name="AIN2">
      <node ref="J16" pin="6"/>
      <node ref="U5" pin="8"/>
    </net>
    <net code="80" name="AIN3">
      <node ref="U5" pin="9"/>
      <node ref="J16" pin="5"/>
    </net>
    <net code="81" name="PE4">
      <node ref="U5" pin="59"/>
      <node ref="J15" pin="1"/>
    </net>
    <net code="82" name="AIN7">
      <node ref="U5" pin="61"/>
      <node ref="J16" pin="10"/>
    </net>
    <net code="83" name="AIN6">
      <node ref="U5" pin="62"/>
      <node ref="J16" pin="9"/>
    </net>
    <net code="84" name="JTAG_RST_N">
      <node ref="J7" pin="10"/>
      <node ref="JP2" pin="1"/>
    </net>
    <net code="85" name="AIN5">
      <node ref="J16" pin="8"/>
      <node ref="U5" pin="63"/>
    </net>
    <net code="86" name="AIN4">
      <node ref="U5" pin="64"/>
      <node ref="J16" pin="7"/>
    </net>
    <net code="87" name="JTAG_TCK">
      <node ref="J7" pin="4"/>
      <node ref="R87" pin="2"/>
      <node ref="U5" pin="52"/>
    </net>
    <net code="88" name="JTAG_TMS">
      <node ref="U5" pin="51"/>
      <node ref="J7" pin="2"/>
      <node ref="R88" pin="2"/>
    </net>
    <net code="89" name="JTAG_TDI">
      <node ref="J7" pin="8"/>
      <node ref="U5" pin="50"/>
    </net>
    <net code="90" name="JTAG_TDO">
      <node ref="U5" pin="49"/>
      <node ref="J7" pin="6"/>
    </net>
    <net code="91" name="Net-(J7-Pad7)">
      <node ref="J7" pin="7"/>
    </net>
    <net code="92" name="Net-(J7-Pad1)">
      <node ref="J7" pin="1"/>
    </net>
    <net code="93" name="/MCU_PWR_IO/LED_GREEN">
      <node ref="U5" pin="31"/>
      <node ref="D14" pin="2"/>
    </net>
    <net code="94" name="Net-(R93-Pad1)">
      <node ref="U5" pin="37"/>
      <node ref="R93" pin="1"/>
    </net>
    <net code="95" name="Net-(D14-Pad1)">
      <node ref="D14" pin="1"/>
      <node ref="R60" pin="1"/>
    </net>
    <net code="96" name="VDDC">
      <node ref="C12" pin="1"/>
      <node ref="U5" pin="25"/>
      <node ref="C11" pin="1"/>
      <node ref="C9" pin="1"/>
      <node ref="C5" pin="1"/>
      <node ref="U5" pin="56"/>
    </net>
    <net code="97" name="Net-(TP2-Pad1)">
      <node ref="U5" pin="33"/>
      <node ref="TP2" pin="1"/>
    </net>
    <net code="98" name="Net-(D15-Pad2)">
      <node ref="R76" pin="2"/>
      <node ref="D15" pin="2"/>
    </net>
    <net code="99" name="Net-(C26-Pad1)">
      <node ref="U6" pin="4"/>
      <node ref="C26" pin="1"/>
    </net>
    <net code="100" name="VBUS">
      <node ref="U6" pin="1"/>
      <node ref="FB2" pin="2"/>
      <node ref="U6" pin="3"/>
      <node ref="J8" pin="1"/>
      <node ref="U7" pin="6"/>
      <node ref="U7" pin="5"/>
      <node ref="U7" pin="4"/>
      <node ref="R89" pin="1"/>
      <node ref="C27" pin="1"/>
      <node ref="TP16" pin="1"/>
    </net>
    <net code="101" name="USB_D+">
      <node ref="J8" pin="3"/>
      <node ref="U5" pin="44"/>
    </net>
    <net code="102" name="USB_D-">
      <node ref="U5" pin="43"/>
      <node ref="J8" pin="2"/>
    </net>
    <net code="103" name="USB_VBUS">
      <node ref="U5" pin="46"/>
      <node ref="R89" pin="2"/>
    </net>
    <net code="104" name="/MCU_PWR_IO/GNDX">
      <node ref="U5" pin="35"/>
      <node ref="C8" pin="2"/>
      <node ref="C10" pin="1"/>
    </net>
    <net code="105" name="Net-(R62-Pad1)">
      <node ref="R62" pin="1"/>
      <node ref="U5" pin="41"/>
    </net>
    <net code="106" name="+3.3VA">
      <node ref="FB1" pin="2"/>
      <node ref="C14" pin="1"/>
      <node ref="U5" pin="2"/>
    </net>
    <net code="107" name="/MCU_PWR_IO/XOSC0">
      <node ref="U5" pin="34"/>
      <node ref="C8" pin="1"/>
      <node ref="Y1" pin="1"/>
    </net>
    <net code="108" name="/MCU_PWR_IO/XOSC1">
      <node ref="Y1" pin="2"/>
      <node ref="C10" pin="2"/>
      <node ref="U5" pin="36"/>
    </net>
    <net code="109" name="/MCU_PWR_IO/WAKE_N">
      <node ref="TP1" pin="1"/>
      <node ref="R56" pin="1"/>
      <node ref="R55" pin="2"/>
      <node ref="U5" pin="32"/>
    </net>
    <net code="110" name="/MCU_PWR_IO/OSC0">
      <node ref="U5" pin="40"/>
      <node ref="Y2" pin="1"/>
      <node ref="C4" pin="1"/>
    </net>
    <net code="111" name="/MCU_PWR_IO/OSC1">
      <node ref="C6" pin="1"/>
      <node ref="R62" pin="2"/>
      <node ref="Y2" pin="2"/>
    </net>
    <net code="112" name="Net-(C28-Pad1)">
      <node ref="R91" pin="2"/>
      <node ref="JP1" pin="1"/>
      <node ref="SW6" pin="3"/>
      <node ref="SW6" pin="4"/>
      <node ref="C28" pin="1"/>
    </net>
  </nets>
</export>
